12/11/2009 0:00,3.2
12/11/2009 0:05,3.15
12/11/2009 0:10,3.15
12/11/2009 0:15,3.15
12/11/2009 0:20,3.15
12/11/2009 0:25,3.15
12/11/2009 0:30,3.15
12/11/2009 0:35,3.15
12/11/2009 0:40,3.15
12/11/2009 0:45,3.15
12/11/2009 0:50,3.15
12/11/2009 0:55,3.15
12/11/2009 1:00,3.15
12/11/2009 1:05,3.05
12/11/2009 1:10,3.15
12/11/2009 1:15,3.15
12/11/2009 1:20,3.05
12/11/2009 1:25,3.05
12/11/2009 1:30,3.05
12/11/2009 1:35,3.15
12/11/2009 1:40,3.05
12/11/2009 1:45,3.05
12/11/2009 1:50,3.05
12/11/2009 1:55,3.05
12/11/2009 2:00,3.05
12/11/2009 2:05,3.05
12/11/2009 2:10,3.05
12/11/2009 2:15,3.05
12/11/2009 2:20,3.05
12/11/2009 2:25,3.05
12/11/2009 2:30,3.05
12/11/2009 2:35,3.05
12/11/2009 2:40,3.05
12/11/2009 2:45,3.05
12/11/2009 2:50,3.05
12/11/2009 2:55,3
12/11/2009 3:00,3
12/11/2009 3:05,3
12/11/2009 3:10,3
12/11/2009 3:15,3
12/11/2009 3:20,3
12/11/2009 3:25,2.9
12/11/2009 3:30,2.9
12/11/2009 3:35,2.9
12/11/2009 3:40,2.8
12/11/2009 3:45,2.8
12/11/2009 3:50,2.8
12/11/2009 3:55,2.8
12/11/2009 4:00,2.8
12/11/2009 4:05,2.8
12/11/2009 4:10,2.8
12/11/2009 4:15,2.8
12/11/2009 4:20,2.8
12/11/2009 4:25,2.75
12/11/2009 4:30,2.75
12/11/2009 4:35,2.75
12/11/2009 4:40,2.75
12/11/2009 4:45,2.75
12/11/2009 4:50,2.75
12/11/2009 4:55,2.75
12/11/2009 5:00,2.75
12/11/2009 5:05,2.75
12/11/2009 5:10,2.75
12/11/2009 5:15,2.75
12/11/2009 5:20,2.75
12/11/2009 5:25,2.75
12/11/2009 5:30,2.75
12/11/2009 5:35,2.75
12/11/2009 5:40,2.65
12/11/2009 5:45,2.65
12/11/2009 5:50,2.75
12/11/2009 5:55,2.65
12/11/2009 6:00,2.65
12/11/2009 6:05,2.65
12/11/2009 6:10,2.65
12/11/2009 6:15,2.65
12/11/2009 6:20,2.75
12/11/2009 6:25,2.75
12/11/2009 6:30,2.75
12/11/2009 6:35,2.65
12/11/2009 6:40,2.75
12/11/2009 6:45,2.75
12/11/2009 6:50,2.65
12/11/2009 6:55,2.65
12/11/2009 7:00,2.65
12/11/2009 7:05,2.65
12/11/2009 7:10,2.65
12/11/2009 7:15,2.65
12/11/2009 7:20,2.65
12/11/2009 7:25,2.65
12/11/2009 7:30,2.6
12/11/2009 7:35,2.6
12/11/2009 7:40,2.6
12/11/2009 7:45,2.6
12/11/2009 7:50,2.5
12/11/2009 7:55,2.6
12/11/2009 8:00,2.6
12/11/2009 8:05,2.6
12/11/2009 8:10,2.5
12/11/2009 8:15,2.5
12/11/2009 8:20,2.5
12/11/2009 8:25,2.5
12/11/2009 8:30,2.5
12/11/2009 8:35,2.5
12/11/2009 8:40,2.5
12/11/2009 8:45,2.5
12/11/2009 8:50,2.5
12/11/2009 8:55,2.5
12/11/2009 9:00,2.5
12/11/2009 9:05,2.5
12/11/2009 9:10,2.5
12/11/2009 9:15,2.5
12/11/2009 9:20,2.5
12/11/2009 9:25,2.5
12/11/2009 9:30,2.5
12/11/2009 9:35,2.5
12/11/2009 9:40,2.6
12/11/2009 9:45,2.6
12/11/2009 9:50,2.6
12/11/2009 9:55,2.6
12/11/2009 10:00,2.6
12/11/2009 10:05,2.6
12/11/2009 10:10,2.6
12/11/2009 10:15,2.6
12/11/2009 10:20,2.65
12/11/2009 10:25,2.65
12/11/2009 10:30,2.65
12/11/2009 10:35,2.65
12/11/2009 10:40,2.65
12/11/2009 10:45,2.65
12/11/2009 10:50,2.65
12/11/2009 10:55,2.65
12/11/2009 11:00,2.65
12/11/2009 11:05,2.65
12/11/2009 11:10,2.65
12/11/2009 11:15,2.75
12/11/2009 11:20,2.65
12/11/2009 11:25,2.75
12/11/2009 11:30,2.75
12/11/2009 11:35,2.75
12/11/2009 11:40,2.75
12/11/2009 11:45,2.75
12/11/2009 11:50,2.8
12/11/2009 11:55,2.8
12/11/2009 12:00,2.8
12/11/2009 12:05,2.8
12/11/2009 12:10,2.9
12/11/2009 12:15,2.8
12/11/2009 12:20,2.9
12/11/2009 12:25,2.9
12/11/2009 12:30,2.9
12/11/2009 12:35,3
12/11/2009 12:40,3
12/11/2009 12:45,3
12/11/2009 12:50,3
12/11/2009 12:55,3
12/11/2009 13:00,3
12/11/2009 13:05,3.05
12/11/2009 13:10,3.05
12/11/2009 13:15,3.05
12/11/2009 13:20,3.05
12/11/2009 13:25,3.05
12/11/2009 13:30,3.05
12/11/2009 13:35,3.05
12/11/2009 13:40,3
12/11/2009 13:45,3.05
12/11/2009 13:50,3
12/11/2009 13:55,3
12/11/2009 14:00,3
12/11/2009 14:05,3
12/11/2009 14:10,3
12/11/2009 14:15,3
12/11/2009 14:20,3
12/11/2009 14:25,3.05
12/11/2009 14:30,3
12/11/2009 14:35,3.05
12/11/2009 14:40,3.05
12/11/2009 14:45,3.05
12/11/2009 14:50,3
12/11/2009 14:55,3
12/11/2009 15:00,3
12/11/2009 15:05,3
12/11/2009 15:10,3
12/11/2009 15:15,3
12/11/2009 15:20,3
12/11/2009 15:25,3
12/11/2009 15:30,3
12/11/2009 15:35,3
12/11/2009 15:40,3
12/11/2009 15:45,3
12/11/2009 15:50,2.9
12/11/2009 15:55,3
12/11/2009 16:00,2.9
12/11/2009 16:05,2.9
12/11/2009 16:10,2.8
12/11/2009 16:15,2.8
12/11/2009 16:20,2.8
12/11/2009 16:25,2.8
12/11/2009 16:30,2.75
12/11/2009 16:35,2.75
12/11/2009 16:40,2.65
12/11/2009 16:45,2.75
12/11/2009 16:50,2.65
12/11/2009 16:55,2.65
12/11/2009 17:00,2.65
12/11/2009 17:05,2.65
12/11/2009 17:10,2.6
12/11/2009 17:15,2.6
12/11/2009 17:20,2.6
12/11/2009 17:25,2.6
12/11/2009 17:30,2.5
12/11/2009 17:35,2.5
12/11/2009 17:40,2.5
12/11/2009 17:45,2.5
12/11/2009 17:50,2.4
12/11/2009 17:55,2.4
12/11/2009 18:00,2.35
12/11/2009 18:05,2.35
12/11/2009 18:10,2.35
12/11/2009 18:15,2.35
12/11/2009 18:20,2.35
12/11/2009 18:25,2.35
12/11/2009 18:30,2.35
12/11/2009 18:35,2.35
12/11/2009 18:40,2.35
12/11/2009 18:45,2.25
12/11/2009 18:50,2.25
12/11/2009 18:55,2.25
12/11/2009 19:00,2.25
12/11/2009 19:05,2.15
12/11/2009 19:10,2.25
12/11/2009 19:15,2.15
12/11/2009 19:20,2.15
12/11/2009 19:25,2.15
12/11/2009 19:30,2.15
12/11/2009 19:35,2.1
12/11/2009 19:40,2.1
12/11/2009 19:45,2.1
12/11/2009 19:50,2.1
12/11/2009 19:55,2.1
12/11/2009 20:00,2.1
12/11/2009 20:05,2.1
12/11/2009 20:10,2.1
12/11/2009 20:15,2.1
12/11/2009 20:20,2.1
12/11/2009 20:25,2.1
12/11/2009 20:30,2
12/11/2009 20:35,2
12/11/2009 20:40,2
12/11/2009 20:45,2
12/11/2009 20:50,2
12/11/2009 20:55,2
12/11/2009 21:00,2
12/11/2009 21:05,1.95
12/11/2009 21:10,1.95
12/11/2009 21:15,1.95
12/11/2009 21:20,1.85
12/11/2009 21:25,1.85
12/11/2009 21:30,1.85
12/11/2009 21:35,1.85
12/11/2009 21:40,1.75
12/11/2009 21:45,1.75
12/11/2009 21:50,1.75
12/11/2009 21:55,1.75
12/11/2009 22:00,1.7
12/11/2009 22:05,1.7
12/11/2009 22:10,1.7
12/11/2009 22:15,1.7
12/11/2009 22:20,1.7
12/11/2009 22:25,1.7
12/11/2009 22:30,1.7
12/11/2009 22:35,1.7
12/11/2009 22:40,1.7
12/11/2009 22:45,1.7
12/11/2009 22:50,1.6
12/11/2009 22:55,1.6
12/11/2009 23:00,1.6
12/11/2009 23:05,1.6
12/11/2009 23:10,1.6
12/11/2009 23:15,1.55
12/11/2009 23:20,1.55
12/11/2009 23:25,1.55
12/11/2009 23:30,1.55
12/11/2009 23:35,1.55
12/11/2009 23:40,1.55
12/11/2009 23:45,1.55
12/11/2009 23:50,1.55
12/11/2009 23:55,1.45
12/12/2009 0:00,1.45
12/12/2009 0:05,1.45
12/12/2009 0:10,1.45
12/12/2009 0:15,1.45
12/12/2009 0:20,1.45
12/12/2009 0:25,1.35
12/12/2009 0:30,1.35
12/12/2009 0:35,1.35
12/12/2009 0:40,1.35
12/12/2009 0:45,1.35
12/12/2009 0:50,1.35
12/12/2009 0:55,1.35
12/12/2009 1:00,1.3
12/12/2009 1:05,1.3
12/12/2009 1:10,1.3
12/12/2009 1:15,1.2
12/12/2009 1:20,1.2
12/12/2009 1:25,1.2
12/12/2009 1:30,1.2
12/12/2009 1:35,1.15
12/12/2009 1:40,1.2
12/12/2009 1:45,1.15
12/12/2009 1:50,1.15
12/12/2009 1:55,1.15
12/12/2009 2:00,1.15
12/12/2009 2:05,1.15
12/12/2009 2:10,1.15
12/12/2009 2:15,1.15
12/12/2009 2:20,1.05
12/12/2009 2:25,1.15
12/12/2009 2:30,1.15
12/12/2009 2:35,1.15
12/12/2009 2:40,1.05
12/12/2009 2:45,1.05
12/12/2009 2:50,1.05
12/12/2009 2:55,1.05
12/12/2009 3:00,1.05
12/12/2009 3:05,1.05
12/12/2009 3:10,1.05
12/12/2009 3:15,1.05
12/12/2009 3:20,0.95
12/12/2009 3:25,0.95
12/12/2009 3:30,0.95
12/12/2009 3:35,0.95
12/12/2009 3:40,0.95
12/12/2009 3:45,0.95
12/12/2009 3:50,0.95
12/12/2009 3:55,0.95
12/12/2009 4:00,0.95
12/12/2009 4:05,0.95
12/12/2009 4:10,0.95
12/12/2009 4:15,0.95
12/12/2009 4:20,0.95
12/12/2009 4:25,0.95
12/12/2009 4:30,0.95
12/12/2009 4:35,0.9
12/12/2009 4:40,0.9
12/12/2009 4:45,0.9
12/12/2009 4:50,0.9
12/12/2009 4:55,0.9
12/12/2009 5:00,0.9
12/12/2009 5:05,0.9
12/12/2009 5:10,0.9
12/12/2009 5:15,0.9
12/12/2009 5:20,0.9
12/12/2009 5:25,0.8
12/12/2009 5:30,0.8
12/12/2009 5:35,0.8
12/12/2009 5:40,0.8
12/12/2009 5:45,0.8
12/12/2009 5:50,0.8
12/12/2009 5:55,0.8
12/12/2009 6:00,0.8
12/12/2009 6:05,0.8
12/12/2009 6:10,0.8
12/12/2009 6:15,0.7
12/12/2009 6:20,0.7
12/12/2009 6:25,0.7
12/12/2009 6:30,0.7
12/12/2009 6:35,0.7
12/12/2009 6:40,0.65
12/12/2009 6:45,0.65
12/12/2009 6:50,0.55
12/12/2009 6:55,0.55
12/12/2009 7:00,0.55
12/12/2009 7:05,0.55
12/12/2009 7:10,0.5
12/12/2009 7:15,0.5
12/12/2009 7:20,0.5
12/12/2009 7:25,0.4
12/12/2009 7:30,0.3
12/12/2009 7:35,0.3
12/12/2009 7:40,0.3
12/12/2009 7:45,0.3
12/12/2009 7:50,0.25
12/12/2009 7:55,0.25
12/12/2009 8:00,0.25
12/12/2009 8:05,0.25
12/12/2009 8:10,0.15
12/12/2009 8:15,0.15
12/12/2009 8:20,0.15
12/12/2009 8:25,0.15
12/12/2009 8:30,0.15
12/12/2009 8:35,0.15
12/12/2009 8:40,0.15
12/12/2009 8:45,0.15
12/12/2009 8:50,0.15
12/12/2009 8:55,0.15
12/12/2009 9:00,0.15
12/12/2009 9:05,0.15
12/12/2009 9:10,0.15
12/12/2009 9:15,0.15
12/12/2009 9:20,0.15
12/12/2009 9:25,0.1
12/12/2009 9:30,0.1
12/12/2009 9:35,0.1
12/12/2009 9:40,0.1
12/12/2009 9:45,0.15
12/12/2009 9:50,0.15
12/12/2009 9:55,0.15
12/12/2009 10:00,0.15
12/12/2009 10:05,0.1
12/12/2009 10:10,0.1
12/12/2009 10:15,0.1
12/12/2009 10:20,0.1
12/12/2009 10:25,0.1
12/12/2009 10:30,0.1
12/12/2009 10:35,0.1
12/12/2009 10:40,0.1
12/12/2009 10:45,0
12/12/2009 10:50,0
12/12/2009 10:55,-0.1
12/12/2009 11:00,-0.1
12/12/2009 11:05,-0.1
12/12/2009 11:10,-0.1
12/12/2009 11:15,-0.1
12/12/2009 11:20,-0.15
12/12/2009 11:25,-0.15
12/12/2009 11:30,-0.15
12/12/2009 11:35,-0.15
12/12/2009 11:40,-0.15
12/12/2009 11:45,-0.15
12/12/2009 11:50,-0.15
12/12/2009 11:55,-0.25
12/12/2009 12:00,-0.25
12/12/2009 12:05,-0.25
12/12/2009 12:10,-0.3
12/12/2009 12:15,-0.3
12/12/2009 12:20,-0.3
12/12/2009 12:25,-0.4
12/12/2009 12:30,-0.4
12/12/2009 12:35,-0.4
12/12/2009 12:40,-0.4
12/12/2009 12:45,-0.4
12/12/2009 12:50,-0.5
12/12/2009 12:55,-0.5
12/12/2009 13:00,-0.5
12/12/2009 13:05,-0.5
12/12/2009 13:10,-0.5
12/12/2009 13:15,-0.5
12/12/2009 13:20,-0.5
12/12/2009 13:25,-0.5
12/12/2009 13:30,-0.55
12/12/2009 13:35,-0.55
12/12/2009 13:40,-0.55
12/12/2009 13:45,-0.65
12/12/2009 13:50,-0.55
12/12/2009 13:55,-0.55
12/12/2009 14:00,-0.65
12/12/2009 14:05,-0.65
12/12/2009 14:10,-0.55
12/12/2009 14:15,-0.65
12/12/2009 14:20,-0.65
12/12/2009 14:25,-0.65
12/12/2009 14:30,-0.65
12/12/2009 14:35,-0.7
12/12/2009 14:40,-0.65
12/12/2009 14:45,-0.65
12/12/2009 14:50,-0.65
12/12/2009 14:55,-0.65
12/12/2009 15:00,-0.7
12/12/2009 15:05,-0.7
12/12/2009 15:10,-0.7
12/12/2009 15:15,-0.7
12/12/2009 15:20,-0.8
12/12/2009 15:25,-0.8
12/12/2009 15:30,-0.8
12/12/2009 15:35,-0.8
12/12/2009 15:40,-0.8
12/12/2009 15:45,-0.9
12/12/2009 15:50,-0.9
12/12/2009 15:55,-0.9
12/12/2009 16:00,-0.9
12/12/2009 16:05,-0.9
12/12/2009 16:10,-0.9
12/12/2009 16:15,-0.9
12/12/2009 16:20,-0.95
12/12/2009 16:25,-0.95
12/12/2009 16:30,-1.05
12/12/2009 16:35,-1.05
12/12/2009 16:40,-1.05
12/12/2009 16:45,-1.05
12/12/2009 16:50,-1.05
12/12/2009 16:55,-1.05
12/12/2009 17:00,-1.05
12/12/2009 17:05,-1.05
12/12/2009 17:10,-1.05
12/12/2009 17:15,-0.95
12/12/2009 17:20,-0.9
12/12/2009 17:25,-0.8
12/12/2009 17:30,-0.9
12/12/2009 17:35,-0.9
12/12/2009 17:40,-0.8
12/12/2009 17:45,-0.8
12/12/2009 17:50,-0.8
12/12/2009 17:55,-0.8
12/12/2009 18:00,-0.8
12/12/2009 18:05,-0.8
12/12/2009 18:10,-0.8
12/12/2009 18:15,-0.8
12/12/2009 18:20,-0.8
12/12/2009 18:25,-0.8
12/12/2009 18:30,-0.8
12/12/2009 18:35,-0.8
12/12/2009 18:40,-0.8
12/12/2009 18:45,-0.8
12/12/2009 18:50,-0.8
12/12/2009 18:55,-0.8
12/12/2009 19:00,-0.8
12/12/2009 19:05,-0.8
12/12/2009 19:10,-0.8
12/12/2009 19:15,-0.8
12/12/2009 19:20,-0.8
12/12/2009 19:25,-0.8
12/12/2009 19:30,-0.8
12/12/2009 19:35,-0.8
12/12/2009 19:40,-0.8
12/12/2009 19:45,-0.8
12/12/2009 19:50,-0.8
12/12/2009 19:55,-0.8
12/12/2009 20:00,-0.8
12/12/2009 20:05,-0.8
12/12/2009 20:10,-0.8
12/12/2009 20:15,-0.8
12/12/2009 20:20,-0.8
12/12/2009 20:25,-0.8
12/12/2009 20:30,-0.8
12/12/2009 20:35,-0.8
12/12/2009 20:40,-0.8
12/12/2009 20:45,-0.8
12/12/2009 20:50,-0.8
12/12/2009 20:55,-0.8
12/12/2009 21:00,-0.8
12/12/2009 21:05,-0.8
12/12/2009 21:10,-0.8
12/12/2009 21:15,-0.8
12/12/2009 21:20,-0.8
12/12/2009 21:25,-0.8
12/12/2009 21:30,-0.8
12/12/2009 21:35,-0.8
12/12/2009 21:40,-0.8
12/12/2009 21:45,-0.8
12/12/2009 21:50,-0.8
12/12/2009 21:55,-0.8
12/12/2009 22:00,-0.8
12/12/2009 22:05,-0.8
12/12/2009 22:10,-0.8
12/12/2009 22:15,-0.8
12/12/2009 22:20,-0.8
12/12/2009 22:25,-0.8
12/12/2009 22:30,-0.8
12/12/2009 22:35,-0.8
12/12/2009 22:40,-0.8
12/12/2009 22:45,-0.8
12/12/2009 22:50,-0.8
12/12/2009 22:55,-0.8
12/12/2009 23:00,-0.8
12/12/2009 23:05,-0.8
12/12/2009 23:10,-0.8
12/12/2009 23:15,-0.8
12/12/2009 23:20,-0.8
12/12/2009 23:25,-0.8
12/12/2009 23:30,-0.8
12/12/2009 23:35,-0.8
12/12/2009 23:40,-0.8
12/12/2009 23:45,-0.8
12/12/2009 23:50,-0.8
12/12/2009 23:55,-0.8
12/13/2009 0:00,-0.8
12/13/2009 0:05,-0.8
12/13/2009 0:10,-0.8
12/13/2009 0:15,-0.8
12/13/2009 0:20,-0.8
12/13/2009 0:25,-0.8
12/13/2009 0:30,-0.8
12/13/2009 0:35,-0.8
12/13/2009 0:40,-0.8
12/13/2009 0:45,-0.8
12/13/2009 0:50,-0.8
12/13/2009 0:55,-0.8
12/13/2009 1:00,-0.8
12/13/2009 1:05,-0.8
12/13/2009 1:10,-0.8
12/13/2009 1:15,-0.8
12/13/2009 1:20,-0.8
12/13/2009 1:25,-0.8
12/13/2009 1:30,-0.8
12/13/2009 1:35,-0.9
12/13/2009 1:40,-0.8
12/13/2009 1:45,-0.9
12/13/2009 1:50,-0.9
12/13/2009 1:55,-0.8
12/13/2009 2:00,-0.8
12/13/2009 2:05,-0.8
12/13/2009 2:10,-0.9
12/13/2009 2:15,-0.8
12/13/2009 2:20,-0.9
12/13/2009 2:25,-0.9
12/13/2009 2:30,-0.9
12/13/2009 2:35,-0.9
12/13/2009 2:40,-0.9
12/13/2009 2:45,-0.9
12/13/2009 2:50,-0.9
12/13/2009 2:55,-0.9
12/13/2009 3:00,-0.9
12/13/2009 3:05,-0.9
12/13/2009 3:10,-0.9
12/13/2009 3:15,-0.9
12/13/2009 3:20,-0.9
12/13/2009 3:25,-0.9
12/13/2009 3:30,-0.9
12/13/2009 3:35,-0.9
12/13/2009 3:40,-0.9
12/13/2009 3:45,-0.9
12/13/2009 3:50,-0.9
12/13/2009 3:55,-0.9
12/13/2009 4:00,-0.9
12/13/2009 4:05,-0.9
12/13/2009 4:10,-0.9
12/13/2009 4:15,-0.9
12/13/2009 4:20,-0.95
12/13/2009 4:25,-0.9
12/13/2009 4:30,-0.9
12/13/2009 4:35,-0.9
12/13/2009 4:40,-0.95
12/13/2009 4:45,-0.9
12/13/2009 4:50,-0.9
12/13/2009 4:55,-0.95
12/13/2009 5:00,-0.9
12/13/2009 5:05,-0.95
12/13/2009 5:10,-0.9
12/13/2009 5:15,-0.95
12/13/2009 5:20,-0.95
12/13/2009 5:25,-0.95
12/13/2009 5:30,-0.95
12/13/2009 5:35,-0.95
12/13/2009 5:40,-0.95
12/13/2009 5:45,-0.95
12/13/2009 5:50,-0.95
12/13/2009 5:55,-0.95
12/13/2009 6:00,-0.95
12/13/2009 6:05,-0.95
12/13/2009 6:10,-0.95
12/13/2009 6:15,-0.95
12/13/2009 6:20,-0.95
12/13/2009 6:25,-0.95
12/13/2009 6:30,-0.95
12/13/2009 6:35,-0.95
12/13/2009 6:40,-0.95
12/13/2009 6:45,-0.95
12/13/2009 6:50,-0.95
12/13/2009 6:55,-0.95
12/13/2009 7:00,-1.05
12/13/2009 7:05,-0.95
12/13/2009 7:10,-0.95
12/13/2009 7:15,-1.05
12/13/2009 7:20,-0.95
12/13/2009 7:25,-1.05
12/13/2009 7:30,-1.05
12/13/2009 7:35,-1.05
12/13/2009 7:40,-1.05
12/13/2009 7:45,-1.05
12/13/2009 7:50,-1.05
12/13/2009 7:55,-1.05
12/13/2009 8:00,-1.05
12/13/2009 8:05,-1.05
12/13/2009 8:10,-1.05
12/13/2009 8:15,-1.05
12/13/2009 8:20,-1.05
12/13/2009 8:25,-1.05
12/13/2009 8:30,-1.05
12/13/2009 8:35,-1.05
12/13/2009 8:40,-1.05
12/13/2009 8:45,-1.05
12/13/2009 8:50,-1.05
12/13/2009 8:55,-1.05
12/13/2009 9:00,-1.05
12/13/2009 9:05,-1.05
12/13/2009 9:10,-1.05
12/13/2009 9:15,-1.05
12/13/2009 9:20,-1.05
12/13/2009 9:25,-1.05
12/13/2009 9:30,-1.05
12/13/2009 9:35,-1.05
12/13/2009 9:40,-1.05
12/13/2009 9:45,-1.05
12/13/2009 9:50,-1.05
12/13/2009 9:55,-1.05
12/13/2009 10:00,-1.05
12/13/2009 10:05,-1.05
12/13/2009 10:10,-1.05
12/13/2009 10:15,-1.05
12/13/2009 10:20,-1.05
12/13/2009 10:25,-1.05
12/13/2009 10:30,-1.05
12/13/2009 10:35,-1.05
12/13/2009 10:40,-1.05
12/13/2009 10:45,-1.05
12/13/2009 10:50,-1.05
12/13/2009 10:55,-1.05
12/13/2009 11:00,-1.05
12/13/2009 11:05,-1.05
12/13/2009 11:10,-1.05
12/13/2009 11:15,-1.05
12/13/2009 11:20,-1.05
12/13/2009 11:25,-1.05
12/13/2009 11:30,-1.05
12/13/2009 11:35,-1.05
12/13/2009 11:40,-1.05
12/13/2009 11:45,-1.05
12/13/2009 11:50,-1.05
12/13/2009 11:55,-1.05
12/13/2009 12:00,-1.05
12/13/2009 12:05,-1.05
12/13/2009 12:10,-0.95
12/13/2009 12:15,-0.95
12/13/2009 12:20,-0.95
12/13/2009 12:25,-0.95
12/13/2009 12:30,-0.95
12/13/2009 12:35,-0.95
12/13/2009 12:40,-0.95
12/13/2009 12:45,-0.95
12/13/2009 12:50,-0.95
12/13/2009 12:55,-0.9
12/13/2009 13:00,-0.9
12/13/2009 13:05,-0.9
12/13/2009 13:10,-0.95
12/13/2009 13:15,-0.9
12/13/2009 13:20,-0.95
12/13/2009 13:25,-0.95
12/13/2009 13:30,-0.95
12/13/2009 13:35,-0.95
12/13/2009 13:40,-0.95
12/13/2009 13:45,-0.95
12/13/2009 13:50,-0.95
12/13/2009 13:55,-0.95
12/13/2009 14:00,-1.05
12/13/2009 14:05,-0.95
12/13/2009 14:10,-0.95
12/13/2009 14:15,-0.9
12/13/2009 14:20,-0.9
12/13/2009 14:25,-0.9
12/13/2009 14:30,-0.9
12/13/2009 14:35,-0.9
12/13/2009 14:40,-0.9
12/13/2009 14:45,-0.9
12/13/2009 14:50,-0.8
12/13/2009 14:55,-0.8
12/13/2009 15:00,-0.8
12/13/2009 15:05,-0.8
12/13/2009 15:10,-0.8
12/13/2009 15:15,-0.8
12/13/2009 15:20,-0.7
12/13/2009 15:25,-0.8
12/13/2009 15:30,-0.7
12/13/2009 15:35,-0.7
12/13/2009 15:40,-0.7
12/13/2009 15:45,-0.7
12/13/2009 15:50,-0.8
12/13/2009 15:55,-0.8
12/13/2009 16:00,-0.8
12/13/2009 16:05,-0.8
12/13/2009 16:10,-0.8
12/13/2009 16:15,-0.8
12/13/2009 16:20,-0.9
12/13/2009 16:25,-0.9
12/13/2009 16:30,-0.9
12/13/2009 16:35,-0.9
12/13/2009 16:40,-0.9
12/13/2009 16:45,-0.95
12/13/2009 16:50,-0.95
12/13/2009 16:55,-0.95
12/13/2009 17:00,-1.05
12/13/2009 17:05,-1.05
12/13/2009 17:10,-1.05
12/13/2009 17:15,-1.05
12/13/2009 17:20,-1.05
12/13/2009 17:25,-1.05
12/13/2009 17:30,-1.05
12/13/2009 17:35,-1.05
12/13/2009 17:40,-1.05
12/13/2009 17:45,-1.05
12/13/2009 17:50,-1.05
12/13/2009 17:55,-1.1
12/13/2009 18:00,-1.1
12/13/2009 18:05,-1.1
12/13/2009 18:10,-1.2
12/13/2009 18:15,-1.25
12/13/2009 18:20,-1.25
12/13/2009 18:25,-1.25
12/13/2009 18:30,-1.25
12/13/2009 18:35,-1.35
12/13/2009 18:40,-1.35
12/13/2009 18:45,-1.45
12/13/2009 18:50,-1.5
12/13/2009 18:55,-1.6
12/13/2009 19:00,-1.65
12/13/2009 19:05,-1.75
12/13/2009 19:10,-1.85
12/13/2009 19:15,-1.9
12/13/2009 19:20,-2.05
12/13/2009 19:25,-2.05
12/13/2009 19:30,-2.25
12/13/2009 19:35,-2.3
12/13/2009 19:40,-2.4
12/13/2009 19:45,-2.45
12/13/2009 19:50,-2.55
12/13/2009 19:55,-2.65
12/13/2009 20:00,-2.65
12/13/2009 20:05,-2.7
12/13/2009 20:10,-2.7
12/13/2009 20:15,-2.8
12/13/2009 20:20,-2.8
12/13/2009 20:25,-2.7
12/13/2009 20:30,-2.7
12/13/2009 20:35,-2.7
12/13/2009 20:40,-2.7
12/13/2009 20:45,-2.8
12/13/2009 20:50,-2.8
12/13/2009 20:55,-2.85
12/13/2009 21:00,-2.85
12/13/2009 21:05,-2.95
12/13/2009 21:10,-2.95
12/13/2009 21:15,-2.95
12/13/2009 21:20,-2.95
12/13/2009 21:25,-2.95
12/13/2009 21:30,-2.85
12/13/2009 21:35,-2.85
12/13/2009 21:40,-2.85
12/13/2009 21:45,-2.8
12/13/2009 21:50,-2.8
12/13/2009 21:55,-2.85
12/13/2009 22:00,-2.85
12/13/2009 22:05,-2.85
12/13/2009 22:10,-2.85
12/13/2009 22:15,-2.8
12/13/2009 22:20,-2.85
12/13/2009 22:25,-2.85
12/13/2009 22:30,-2.8
12/13/2009 22:35,-2.8
12/13/2009 22:40,-2.85
12/13/2009 22:45,-2.85
12/13/2009 22:50,-2.8
12/13/2009 22:55,-2.8
12/13/2009 23:00,-2.8
12/13/2009 23:05,-2.8
12/13/2009 23:10,-2.8
12/13/2009 23:15,-2.8
12/13/2009 23:20,-2.8
12/13/2009 23:25,-2.85
12/13/2009 23:30,-2.85
12/13/2009 23:35,-2.8
12/13/2009 23:40,-2.8
12/13/2009 23:45,-2.85
12/13/2009 23:50,-2.85
12/13/2009 23:55,-2.85
12/14/2009 0:00,-2.85
12/14/2009 0:05,-2.95
12/14/2009 0:10,-2.95
12/14/2009 0:15,-2.95
12/14/2009 0:20,-2.95
12/14/2009 0:25,-2.95
12/14/2009 0:30,-2.85
12/14/2009 0:35,-2.85
12/14/2009 0:40,-2.85
12/14/2009 0:45,-2.85
12/14/2009 0:50,-2.8
12/14/2009 0:55,-2.8
12/14/2009 1:00,-2.8
12/14/2009 1:05,-2.8
12/14/2009 1:10,-2.8
12/14/2009 1:15,-2.7
12/14/2009 1:20,-2.8
12/14/2009 1:25,-2.8
12/14/2009 1:30,-2.8
12/14/2009 1:35,-2.8
12/14/2009 1:40,-2.7
12/14/2009 1:45,-2.7
12/14/2009 1:50,-2.7
12/14/2009 1:55,-2.7
12/14/2009 2:00,-2.7
12/14/2009 2:05,-2.7
12/14/2009 2:10,-2.7
12/14/2009 2:15,-2.7
12/14/2009 2:20,-2.7
12/14/2009 2:25,-2.7
12/14/2009 2:30,-2.7
12/14/2009 2:35,-2.7
12/14/2009 2:40,-2.7
12/14/2009 2:45,-2.7
12/14/2009 2:50,-2.65
12/14/2009 2:55,-2.65
12/14/2009 3:00,-2.65
12/14/2009 3:05,-2.65
12/14/2009 3:10,-2.65
12/14/2009 3:15,-2.65
12/14/2009 3:20,-2.65
12/14/2009 3:25,-2.65
12/14/2009 3:30,-2.65
12/14/2009 3:35,-2.65
12/14/2009 3:40,-2.65
12/14/2009 3:45,-2.65
12/14/2009 3:50,-2.65
12/14/2009 3:55,-2.65
12/14/2009 4:00,-2.65
12/14/2009 4:05,-2.7
12/14/2009 4:10,-2.7
12/14/2009 4:15,-2.8
12/14/2009 4:20,-2.8
12/14/2009 4:25,-2.85
12/14/2009 4:30,-2.85
12/14/2009 4:35,-2.85
12/14/2009 4:40,-2.85
12/14/2009 4:45,-2.85
12/14/2009 4:50,-2.85
12/14/2009 4:55,-2.85
12/14/2009 5:00,-2.85
12/14/2009 5:05,-2.85
12/14/2009 5:10,-2.85
12/14/2009 5:15,-2.85
12/14/2009 5:20,-2.8
12/14/2009 5:25,-2.8
12/14/2009 5:30,-2.85
12/14/2009 5:35,-2.8
12/14/2009 5:40,-2.8
12/14/2009 5:45,-2.8
12/14/2009 5:50,-2.8
12/14/2009 5:55,-2.8
12/14/2009 6:00,-2.8
12/14/2009 6:05,-2.8
12/14/2009 6:10,-2.8
12/14/2009 6:15,-2.8
12/14/2009 6:20,-2.8
12/14/2009 6:25,-2.8
12/14/2009 6:30,-2.8
12/14/2009 6:35,-2.8
12/14/2009 6:40,-2.8
12/14/2009 6:45,-2.85
12/14/2009 6:50,-2.85
12/14/2009 6:55,-2.85
12/14/2009 7:00,-2.85
12/14/2009 7:05,-2.85
12/14/2009 7:10,-2.85
12/14/2009 7:15,-2.8
12/14/2009 7:20,-2.8
12/14/2009 7:25,-2.85
12/14/2009 7:30,-2.85
12/14/2009 7:35,-2.95
12/14/2009 7:40,-2.95
12/14/2009 7:45,-2.95
12/14/2009 7:50,-3.05
12/14/2009 7:55,-3.05
12/14/2009 8:00,-3.05
12/14/2009 8:05,-2.95
12/14/2009 8:10,-2.85
12/14/2009 8:15,-2.8
12/14/2009 8:20,-2.7
12/14/2009 8:25,-2.65
12/14/2009 8:30,-2.65
12/14/2009 8:35,-2.65
12/14/2009 8:40,-2.55
12/14/2009 8:45,-2.45
12/14/2009 8:50,-2.45
12/14/2009 8:55,-2.4
12/14/2009 9:00,-2.3
12/14/2009 9:05,-2.3
12/14/2009 9:10,-2.3
12/14/2009 9:15,-2.25
12/14/2009 9:20,-2.15
12/14/2009 9:25,-2.15
12/14/2009 9:30,-2.05
12/14/2009 9:35,-2.05
12/14/2009 9:40,-2.05
12/14/2009 9:45,-2.05
12/14/2009 9:50,-2
12/14/2009 9:55,-2
12/14/2009 10:00,-1.9
12/14/2009 10:05,-1.9
12/14/2009 10:10,-1.85
12/14/2009 10:15,-1.75
12/14/2009 10:20,-1.75
12/14/2009 10:25,-1.75
12/14/2009 10:30,-1.75
12/14/2009 10:35,-1.65
12/14/2009 10:40,-1.65
12/14/2009 10:45,-1.6
12/14/2009 10:50,-1.45
12/14/2009 10:55,-1.5
12/14/2009 11:00,-1.45
12/14/2009 11:05,-1.45
12/14/2009 11:10,-1.35
12/14/2009 11:15,-1.35
12/14/2009 11:20,-1.35
12/14/2009 11:25,-1.35
12/14/2009 11:30,-1.25
12/14/2009 11:35,-1.2
12/14/2009 11:40,-1.1
12/14/2009 11:45,-1.05
12/14/2009 11:50,-1.05
12/14/2009 11:55,-1.05
12/14/2009 12:00,-1.05
12/14/2009 12:05,-1.05
12/14/2009 12:10,-1.05
12/14/2009 12:15,-1.05
12/14/2009 12:20,-1.05
12/14/2009 12:25,-1.05
12/14/2009 12:30,-0.95
12/14/2009 12:35,-1.05
12/14/2009 12:40,-1.05
12/14/2009 12:45,-0.95
12/14/2009 12:50,-0.9
12/14/2009 12:55,-0.9
12/14/2009 13:00,-0.95
12/14/2009 13:05,-0.9
12/14/2009 13:10,-0.9
12/14/2009 13:15,-0.9
12/14/2009 13:20,-0.8
12/14/2009 13:25,-0.9
12/14/2009 13:30,-0.8
12/14/2009 13:35,-0.8
12/14/2009 13:40,-0.8
12/14/2009 13:45,-0.9
12/14/2009 13:50,-0.9
12/14/2009 13:55,-0.9
12/14/2009 14:00,-0.9
12/14/2009 14:05,-0.9
12/14/2009 14:10,-0.9
12/14/2009 14:15,-0.9
12/14/2009 14:20,-0.9
12/14/2009 14:25,-0.9
12/14/2009 14:30,-0.9
12/14/2009 14:35,-0.9
12/14/2009 14:40,-0.9
12/14/2009 14:45,-0.9
12/14/2009 14:50,-0.9
12/14/2009 14:55,-0.8
12/14/2009 15:00,-0.9
12/14/2009 15:05,-0.9
12/14/2009 15:10,-0.9
12/14/2009 15:15,-0.9
12/14/2009 15:20,-0.9
12/14/2009 15:25,-0.9
12/14/2009 15:30,-0.9
12/14/2009 15:35,-0.9
12/14/2009 15:40,-0.9
12/14/2009 15:45,-0.95
12/14/2009 15:50,-0.95
12/14/2009 15:55,-1.05
12/14/2009 16:00,-1.05
12/14/2009 16:05,-1.05
12/14/2009 16:10,-1.05
12/14/2009 16:15,-1.05
12/14/2009 16:20,-1.05
12/14/2009 16:25,-1.05
12/14/2009 16:30,-1.05
12/14/2009 16:35,-1.05
12/14/2009 16:40,-1.05
12/14/2009 16:45,-1.05
12/14/2009 16:50,-1.05
12/14/2009 16:55,-1.1
12/14/2009 17:00,-1.1
12/14/2009 17:05,-1.1
12/14/2009 17:10,-1.25
12/14/2009 17:15,-1.25
12/14/2009 17:20,-1.25
12/14/2009 17:25,-1.25
12/14/2009 17:30,-1.25
12/14/2009 17:35,-1.35
12/14/2009 17:40,-1.35
12/14/2009 17:45,-1.35
12/14/2009 17:50,-1.35
12/14/2009 17:55,-1.35
12/14/2009 18:00,-1.35
12/14/2009 18:05,-1.35
12/14/2009 18:10,-1.35
12/14/2009 18:15,-1.35
12/14/2009 18:20,-1.35
12/14/2009 18:25,-1.35
12/14/2009 18:30,-1.35
12/14/2009 18:35,-1.45
12/14/2009 18:40,-1.35
12/14/2009 18:45,-1.35
12/14/2009 18:50,-1.35
12/14/2009 18:55,-1.45
12/14/2009 19:00,-1.45
12/14/2009 19:05,-1.45
12/14/2009 19:10,-1.45
12/14/2009 19:15,-1.45
12/14/2009 19:20,-1.45
12/14/2009 19:25,-1.5
12/14/2009 19:30,-1.5
12/14/2009 19:35,-1.5
12/14/2009 19:40,-1.5
12/14/2009 19:45,-1.6
12/14/2009 19:50,-1.6
12/14/2009 19:55,-1.6
12/14/2009 20:00,-1.6
12/14/2009 20:05,-1.6
12/14/2009 20:10,-1.6
12/14/2009 20:15,-1.6
12/14/2009 20:20,-1.65
12/14/2009 20:25,-1.65
12/14/2009 20:30,-1.65
12/14/2009 20:35,-1.65
12/14/2009 20:40,-1.65
12/14/2009 20:45,-1.65
12/14/2009 20:50,-1.65
12/14/2009 20:55,-1.65
12/14/2009 21:00,-1.65
12/14/2009 21:05,-1.6
12/14/2009 21:10,-1.65
12/14/2009 21:15,-1.65
12/14/2009 21:20,-1.65
12/14/2009 21:25,-1.65
12/14/2009 21:30,-1.65
12/14/2009 21:35,-1.6
12/14/2009 21:40,-1.6
12/14/2009 21:45,-1.65
12/14/2009 21:50,-1.65
12/14/2009 21:55,-1.65
12/14/2009 22:00,-1.6
12/14/2009 22:05,-1.65
12/14/2009 22:10,-1.65
12/14/2009 22:15,-1.65
12/14/2009 22:20,-1.65
12/14/2009 22:25,-1.6
12/14/2009 22:30,-1.6
12/14/2009 22:35,-1.65
12/14/2009 22:40,-1.65
12/14/2009 22:45,-1.65
12/14/2009 22:50,-1.6
12/14/2009 22:55,-1.6
12/14/2009 23:00,-1.6
12/14/2009 23:05,-1.6
12/14/2009 23:10,-1.6
12/14/2009 23:15,-1.6
12/14/2009 23:20,-1.6
12/14/2009 23:25,-1.6
12/14/2009 23:30,-1.6
12/14/2009 23:35,-1.65
12/14/2009 23:40,-1.65
12/14/2009 23:45,-1.65
12/14/2009 23:50,-1.65
12/14/2009 23:55,-1.65
12/15/2009 0:00,-1.75
12/15/2009 0:05,-1.75
12/15/2009 0:10,-1.75
12/15/2009 0:15,-1.75
12/15/2009 0:20,-1.75
12/15/2009 0:25,-1.85
12/15/2009 0:30,-1.85
12/15/2009 0:35,-1.85
12/15/2009 0:40,-1.9
12/15/2009 0:45,-1.9
12/15/2009 0:50,-1.9
12/15/2009 0:55,-1.9
12/15/2009 1:00,-2
12/15/2009 1:05,-2
12/15/2009 1:10,-2
12/15/2009 1:15,-2
12/15/2009 1:20,-2
12/15/2009 1:25,-2
12/15/2009 1:30,-1.9
12/15/2009 1:35,-1.9
12/15/2009 1:40,-1.9
12/15/2009 1:45,-2
12/15/2009 1:50,-1.9
12/15/2009 1:55,-1.9
12/15/2009 2:00,-1.9
12/15/2009 2:05,-1.85
12/15/2009 2:10,-1.85
12/15/2009 2:15,-1.85
12/15/2009 2:20,-1.75
12/15/2009 2:25,-1.75
12/15/2009 2:30,-1.75
12/15/2009 2:35,-1.75
12/15/2009 2:40,-1.75
12/15/2009 2:45,-1.75
12/15/2009 2:50,-1.65
12/15/2009 2:55,-1.65
12/15/2009 3:00,-1.65
12/15/2009 3:05,-1.65
12/15/2009 3:10,-1.65
12/15/2009 3:15,-1.6
12/15/2009 3:20,-1.6
12/15/2009 3:25,-1.6
12/15/2009 3:30,-1.6
12/15/2009 3:35,-1.6
12/15/2009 3:40,-1.6
12/15/2009 3:45,-1.6
12/15/2009 3:50,-1.5
12/15/2009 3:55,-1.5
12/15/2009 4:00,-1.5
12/15/2009 4:05,-1.5
12/15/2009 4:10,-1.45
12/15/2009 4:15,-1.5
12/15/2009 4:20,-1.45
12/15/2009 4:25,-1.45
12/15/2009 4:30,-1.45
12/15/2009 4:35,-1.45
12/15/2009 4:40,-1.45
12/15/2009 4:45,-1.45
12/15/2009 4:50,-1.45
12/15/2009 4:55,-1.45
12/15/2009 5:00,-1.45
12/15/2009 5:05,-1.45
12/15/2009 5:10,-1.45
12/15/2009 5:15,-1.45
12/15/2009 5:20,-1.35
12/15/2009 5:25,-1.45
12/15/2009 5:30,-1.35
12/15/2009 5:35,-1.35
12/15/2009 5:40,-1.35
12/15/2009 5:45,-1.35
12/15/2009 5:50,-1.45
12/15/2009 5:55,-1.45
12/15/2009 6:00,-1.45
12/15/2009 6:05,-1.45
12/15/2009 6:10,-1.45
12/15/2009 6:15,-1.45
12/15/2009 6:20,-1.45
12/15/2009 6:25,-1.45
12/15/2009 6:30,-1.35
12/15/2009 6:35,-1.35
12/15/2009 6:40,-1.35
12/15/2009 6:45,-1.35
12/15/2009 6:50,-1.35
12/15/2009 6:55,-1.35
12/15/2009 7:00,-1.35
12/15/2009 7:05,-1.35
12/15/2009 7:10,-1.35
12/15/2009 7:15,-1.35
12/15/2009 7:20,-1.45
12/15/2009 7:25,-1.45
12/15/2009 7:30,-1.5
12/15/2009 7:35,-1.6
12/15/2009 7:40,-1.6
12/15/2009 7:45,-1.6
12/15/2009 7:50,-1.6
12/15/2009 7:55,-1.6
12/15/2009 8:00,-1.6
12/15/2009 8:05,-1.65
12/15/2009 8:10,-1.65
12/15/2009 8:15,-1.75
12/15/2009 8:20,-1.75
12/15/2009 8:25,-1.85
12/15/2009 8:30,-1.9
12/15/2009 8:35,-1.9
12/15/2009 8:40,-2
12/15/2009 8:45,-2.05
12/15/2009 8:50,-2.05
12/15/2009 8:55,-2.05
12/15/2009 9:00,-2.05
12/15/2009 9:05,-2.15
12/15/2009 9:10,-2.15
12/15/2009 9:15,-2.15
12/15/2009 9:20,-2.15
12/15/2009 9:25,-2.15
12/15/2009 9:30,-2.15
12/15/2009 9:35,-2.05
12/15/2009 9:40,-2.15
12/15/2009 9:45,-2.15
12/15/2009 9:50,-2.05
12/15/2009 9:55,-2.05
12/15/2009 10:00,-2
12/15/2009 10:05,-1.9
12/15/2009 10:10,-1.9
12/15/2009 10:15,-1.85
12/15/2009 10:20,-1.75
12/15/2009 10:25,-1.65
12/15/2009 10:30,-1.65
12/15/2009 10:35,-1.65
12/15/2009 10:40,-1.6
12/15/2009 10:45,-1.5
12/15/2009 10:50,-1.6
12/15/2009 10:55,-1.5
12/15/2009 11:00,-1.5
12/15/2009 11:05,-1.45
12/15/2009 11:10,-1.45
12/15/2009 11:15,-1.45
12/15/2009 11:20,-1.45
12/15/2009 11:25,-1.35
12/15/2009 11:30,-1.45
12/15/2009 11:35,-1.45
12/15/2009 11:40,-1.45
12/15/2009 11:45,-1.45
12/15/2009 11:50,-1.45
12/15/2009 11:55,-1.45
12/15/2009 12:00,-1.5
12/15/2009 12:05,-1.5
12/15/2009 12:10,-1.5
12/15/2009 12:15,-1.5
12/15/2009 12:20,-1.5
12/15/2009 12:25,-1.45
12/15/2009 12:30,-1.45
12/15/2009 12:35,-1.45
12/15/2009 12:40,-1.45
12/15/2009 12:45,-1.45
12/15/2009 12:50,-1.45
12/15/2009 12:55,-1.45
12/15/2009 13:00,-1.45
12/15/2009 13:05,-1.45
12/15/2009 13:10,-1.45
12/15/2009 13:15,-1.45
12/15/2009 13:20,-1.45
12/15/2009 13:25,-1.45
12/15/2009 13:30,-1.45
12/15/2009 13:35,-1.45
12/15/2009 13:40,-1.35
12/15/2009 13:45,-1.35
12/15/2009 13:50,-1.35
12/15/2009 13:55,-1.35
12/15/2009 14:00,-1.35
12/15/2009 14:05,-1.45
12/15/2009 14:10,-1.45
12/15/2009 14:15,-1.35
12/15/2009 14:20,-1.35
12/15/2009 14:25,-1.35
12/15/2009 14:30,-1.35
12/15/2009 14:35,-1.35
12/15/2009 14:40,-1.35
12/15/2009 14:45,-1.35
12/15/2009 14:50,-1.35
12/15/2009 14:55,-1.35
12/15/2009 15:00,-1.45
12/15/2009 15:05,-1.45
12/15/2009 15:10,-1.45
12/15/2009 15:15,-1.45
12/15/2009 15:20,-1.45
12/15/2009 15:25,-1.45
12/15/2009 15:30,-1.45
12/15/2009 15:35,-1.45
12/15/2009 15:40,-1.45
12/15/2009 15:45,-1.45
12/15/2009 15:50,-1.45
12/15/2009 15:55,-1.45
12/15/2009 16:00,-1.35
12/15/2009 16:05,-1.45
12/15/2009 16:10,-1.45
12/15/2009 16:15,-1.45
12/15/2009 16:20,-1.45
12/15/2009 16:25,-1.45
12/15/2009 16:30,-1.45
12/15/2009 16:35,-1.5
12/15/2009 16:40,-1.5
12/15/2009 16:45,-1.5
12/15/2009 16:50,-1.6
12/15/2009 16:55,-1.5
12/15/2009 17:00,-1.6
12/15/2009 17:05,-1.6
12/15/2009 17:10,-1.6
12/15/2009 17:15,-1.6
12/15/2009 17:20,-1.65
12/15/2009 17:25,-1.65
12/15/2009 17:30,-1.75
12/15/2009 17:35,-1.75
12/15/2009 17:40,-1.75
12/15/2009 17:45,-1.75
12/15/2009 17:50,-1.85
12/15/2009 17:55,-1.9
12/15/2009 18:00,-1.9
12/15/2009 18:05,-1.9
12/15/2009 18:10,-1.9
12/15/2009 18:15,-1.9
12/15/2009 18:20,-2
12/15/2009 18:25,-2
12/15/2009 18:30,-2
12/15/2009 18:35,-2.05
12/15/2009 18:40,-2.05
12/15/2009 18:45,-2.05
12/15/2009 18:50,-2.05
12/15/2009 18:55,-2.05
12/15/2009 19:00,-2.05
12/15/2009 19:05,-2.05
12/15/2009 19:10,-2.05
12/15/2009 19:15,-2.15
12/15/2009 19:20,-2.15
12/15/2009 19:25,-2.15
12/15/2009 19:30,-2.25
12/15/2009 19:35,-2.25
12/15/2009 19:40,-2.25
12/15/2009 19:45,-2.25
12/15/2009 19:50,-2.3
12/15/2009 19:55,-2.3
12/15/2009 20:00,-2.3
12/15/2009 20:05,-2.4
12/15/2009 20:10,-2.4
12/15/2009 20:15,-2.4
12/15/2009 20:20,-2.4
12/15/2009 20:25,-2.45
12/15/2009 20:30,-2.55
12/15/2009 20:35,-2.55
12/15/2009 20:40,-2.65
12/15/2009 20:45,-2.65
12/15/2009 20:50,-2.65
12/15/2009 20:55,-2.65
12/15/2009 21:00,-2.7
12/15/2009 21:05,-2.7
12/15/2009 21:10,-2.7
12/15/2009 21:15,-2.8
12/15/2009 21:20,-2.8
12/15/2009 21:25,-2.8
12/15/2009 21:30,-2.8
12/15/2009 21:35,-2.85
12/15/2009 21:40,-2.95
12/15/2009 21:45,-2.95
12/15/2009 21:50,-3.05
12/15/2009 21:55,-3.1
12/15/2009 22:00,-3.2
12/15/2009 22:05,-3.2
12/15/2009 22:10,-3.25
12/15/2009 22:15,-3.25
12/15/2009 22:20,-3.35
12/15/2009 22:25,-3.35
12/15/2009 22:30,-3.35
12/15/2009 22:35,-3.35
12/15/2009 22:40,-3.45
12/15/2009 22:45,-3.45
12/15/2009 22:50,-3.45
12/15/2009 22:55,-3.5
12/15/2009 23:00,-3.5
12/15/2009 23:05,-3.5
12/15/2009 23:10,-3.5
12/15/2009 23:15,-3.6
12/15/2009 23:20,-3.5
12/15/2009 23:25,-3.6
12/15/2009 23:30,-3.6
12/15/2009 23:35,-3.6
12/15/2009 23:40,-3.65
12/15/2009 23:45,-3.75
12/15/2009 23:50,-3.75
12/15/2009 23:55,-3.75
12/16/2009 0:00,-3.75
12/16/2009 0:05,-3.8
12/16/2009 0:10,-3.8
12/16/2009 0:15,-3.8
12/16/2009 0:20,-3.9
12/16/2009 0:25,-3.9
12/16/2009 0:30,-3.9
12/16/2009 0:35,-4
12/16/2009 0:40,-4.05
12/16/2009 0:45,-4.15
12/16/2009 0:50,-4.2
12/16/2009 0:55,-4.2
12/16/2009 1:00,-4.2
12/16/2009 1:05,-4.3
12/16/2009 1:10,-4.3
12/16/2009 1:15,-4.4
12/16/2009 1:20,-4.4
12/16/2009 1:25,-4.4
12/16/2009 1:30,-4.4
12/16/2009 1:35,-4.45
12/16/2009 1:40,-4.4
12/16/2009 1:45,-4.45
12/16/2009 1:50,-4.4
12/16/2009 1:55,-4.45
12/16/2009 2:00,-4.45
12/16/2009 2:05,-4.45
12/16/2009 2:10,-4.55
12/16/2009 2:15,-4.55
12/16/2009 2:20,-4.55
12/16/2009 2:25,-4.55
12/16/2009 2:30,-4.55
12/16/2009 2:35,-4.55
12/16/2009 2:40,-4.55
12/16/2009 2:45,-4.55
12/16/2009 2:50,-4.55
12/16/2009 2:55,-4.55
12/16/2009 3:00,-4.55
12/16/2009 3:05,-4.55
12/16/2009 3:10,-4.55
12/16/2009 3:15,-4.55
12/16/2009 3:20,-4.55
12/16/2009 3:25,-4.6
12/16/2009 3:30,-4.6
12/16/2009 3:35,-4.6
12/16/2009 3:40,-4.6
12/16/2009 3:45,-4.6
12/16/2009 3:50,-4.7
12/16/2009 3:55,-4.7
12/16/2009 4:00,-4.8
12/16/2009 4:05,-4.8
12/16/2009 4:10,-4.8
12/16/2009 4:15,-4.8
12/16/2009 4:20,-4.8
12/16/2009 4:25,-4.8
12/16/2009 4:30,-4.8
12/16/2009 4:35,-4.8
12/16/2009 4:40,-4.85
12/16/2009 4:45,-4.85
12/16/2009 4:50,-4.85
12/16/2009 4:55,-4.85
12/16/2009 5:00,-4.85
12/16/2009 5:05,-4.85
12/16/2009 5:10,-4.95
12/16/2009 5:15,-4.85
12/16/2009 5:20,-4.95
12/16/2009 5:25,-4.95
12/16/2009 5:30,-4.95
12/16/2009 5:35,-4.95
12/16/2009 5:40,-5
12/16/2009 5:45,-5
12/16/2009 5:50,-5.1
12/16/2009 5:55,-5.1
12/16/2009 6:00,-5.1
12/16/2009 6:05,-5.1
12/16/2009 6:10,-5.1
12/16/2009 6:15,-5.2
12/16/2009 6:20,-5.2
12/16/2009 6:25,-5.2
12/16/2009 6:30,-5.2
12/16/2009 6:35,-5.2
12/16/2009 6:40,-5.25
12/16/2009 6:45,-5.25
12/16/2009 6:50,-5.25
12/16/2009 6:55,-5.25
12/16/2009 7:00,-5.25
12/16/2009 7:05,-5.35
12/16/2009 7:10,-5.35
12/16/2009 7:15,-5.35
12/16/2009 7:20,-5.35
12/16/2009 7:25,-5.35
12/16/2009 7:30,-5.35
12/16/2009 7:35,-5.35
12/16/2009 7:40,-5.35
12/16/2009 7:45,-5.25
12/16/2009 7:50,-5.25
12/16/2009 7:55,-5.25
12/16/2009 8:00,-5.25
12/16/2009 8:05,-5.25
12/16/2009 8:10,-5.25
12/16/2009 8:15,-5.25
12/16/2009 8:20,-5.35
12/16/2009 8:25,-5.35
12/16/2009 8:30,-5.35
12/16/2009 8:35,-5.35
12/16/2009 8:40,-5.25
12/16/2009 8:45,-5.35
12/16/2009 8:50,-5.4
12/16/2009 8:55,-5.35
12/16/2009 9:00,-5.35
12/16/2009 9:05,-5.25
12/16/2009 9:10,-5.35
12/16/2009 9:15,-5.35
12/16/2009 9:20,-5.4
12/16/2009 9:25,-5.35
12/16/2009 9:30,-5.35
12/16/2009 9:35,-5.25
12/16/2009 9:40,-5.25
12/16/2009 9:45,-5.25
12/16/2009 9:50,-5.2
12/16/2009 9:55,-5.2
12/16/2009 10:00,-5.2
12/16/2009 10:05,-5.1
12/16/2009 10:10,-5.1
12/16/2009 10:15,-5
12/16/2009 10:20,-5.1
12/16/2009 10:25,-5
12/16/2009 10:30,-5
12/16/2009 10:35,-4.95
12/16/2009 10:40,-4.85
12/16/2009 10:45,-4.85
12/16/2009 10:50,-4.8
12/16/2009 10:55,-4.8
12/16/2009 11:00,-4.8
12/16/2009 11:05,-4.85
12/16/2009 11:10,-4.8
12/16/2009 11:15,-4.8
12/16/2009 11:20,-4.7
12/16/2009 11:25,-4.7
12/16/2009 11:30,-4.7
12/16/2009 11:35,-4.7
12/16/2009 11:40,-4.6
12/16/2009 11:45,-4.6
12/16/2009 11:50,-4.6
12/16/2009 11:55,-4.7
12/16/2009 12:00,-4.7
12/16/2009 12:05,-4.8
12/16/2009 12:10,-4.8
12/16/2009 12:15,-4.8
12/16/2009 12:20,-4.8
12/16/2009 12:25,-4.7
12/16/2009 12:30,-4.8
12/16/2009 12:35,-4.7
12/16/2009 12:40,-4.6
12/16/2009 12:45,-4.7
12/16/2009 12:50,-4.6
12/16/2009 12:55,-4.6
12/16/2009 13:00,-4.55
12/16/2009 13:05,-4.55
12/16/2009 13:10,-4.45
12/16/2009 13:15,-4.55
12/16/2009 13:20,-4.55
12/16/2009 13:25,-4.45
12/16/2009 13:30,-4.4
12/16/2009 13:35,-4.4
12/16/2009 13:40,-4.4
12/16/2009 13:45,-4.4
12/16/2009 13:50,-4.4
12/16/2009 13:55,-4.4
12/16/2009 14:00,-4.4
12/16/2009 14:05,-4.4
12/16/2009 14:10,-4.4
12/16/2009 14:15,-4.45
12/16/2009 14:20,-4.45
12/16/2009 14:25,-4.45
12/16/2009 14:30,-4.45
12/16/2009 14:35,-4.45
12/16/2009 14:40,-4.55
12/16/2009 14:45,-4.45
12/16/2009 14:50,-4.45
12/16/2009 14:55,-4.55
12/16/2009 15:00,-4.55
12/16/2009 15:05,-4.55
12/16/2009 15:10,-4.6
12/16/2009 15:15,-4.6
12/16/2009 15:20,-4.6
12/16/2009 15:25,-4.7
12/16/2009 15:30,-4.7
12/16/2009 15:35,-4.8
12/16/2009 15:40,-4.8
12/16/2009 15:45,-4.8
12/16/2009 15:50,-4.8
12/16/2009 15:55,-4.8
12/16/2009 16:00,-4.8
12/16/2009 16:05,-4.8
12/16/2009 16:10,-4.8
12/16/2009 16:15,-4.85
12/16/2009 16:20,-4.85
12/16/2009 16:25,-4.95
12/16/2009 16:30,-5
12/16/2009 16:35,-5
12/16/2009 16:40,-5
12/16/2009 16:45,-4.95
12/16/2009 16:50,-4.95
12/16/2009 16:55,-4.95
12/16/2009 17:00,-4.95
12/16/2009 17:05,-4.95
12/16/2009 17:10,-4.85
12/16/2009 17:15,-4.85
12/16/2009 17:20,-4.85
12/16/2009 17:25,-4.85
12/16/2009 17:30,-4.85
12/16/2009 17:35,-4.85
12/16/2009 17:40,-4.85
12/16/2009 17:45,-4.85
12/16/2009 17:50,-4.85
12/16/2009 17:55,-4.95
12/16/2009 18:00,-4.95
12/16/2009 18:05,-4.95
12/16/2009 18:10,-4.95
12/16/2009 18:15,-5
12/16/2009 18:20,-4.95
12/16/2009 18:25,-4.95
12/16/2009 18:30,-4.95
12/16/2009 18:35,-4.95
12/16/2009 18:40,-4.95
12/16/2009 18:45,-4.95
12/16/2009 18:50,-4.95
12/16/2009 18:55,-4.85
12/16/2009 19:00,-4.95
12/16/2009 19:05,-4.95
12/16/2009 19:10,-4.95
12/16/2009 19:15,-4.95
12/16/2009 19:20,-4.95
12/16/2009 19:25,-5
12/16/2009 19:30,-5
12/16/2009 19:35,-5
12/16/2009 19:40,-5.1
12/16/2009 19:45,-5.1
12/16/2009 19:50,-5.2
12/16/2009 19:55,-5.2
12/16/2009 20:00,-5.1
12/16/2009 20:05,-5.2
12/16/2009 20:10,-5.2
12/16/2009 20:15,-5.2
12/16/2009 20:20,-5.2
12/16/2009 20:25,-5.2
12/16/2009 20:30,-5.2
12/16/2009 20:35,-5.2
12/16/2009 20:40,-5.2
12/16/2009 20:45,-5.25
12/16/2009 20:50,-5.25
12/16/2009 20:55,-5.25
12/16/2009 21:00,-5.25
12/16/2009 21:05,-5.25
12/16/2009 21:10,-5.35
12/16/2009 21:15,-5.35
12/16/2009 21:20,-5.4
12/16/2009 21:25,-5.4
12/16/2009 21:30,-5.4
12/16/2009 21:35,-5.4
12/16/2009 21:40,-5.35
12/16/2009 21:45,-5.35
12/16/2009 21:50,-5.35
12/16/2009 21:55,-5.35
12/16/2009 22:00,-5.35
12/16/2009 22:05,-5.35
12/16/2009 22:10,-5.4
12/16/2009 22:15,-5.4
12/16/2009 22:20,-5.35
12/16/2009 22:25,-5.4
12/16/2009 22:30,-5.4
12/16/2009 22:35,-5.35
12/16/2009 22:40,-5.35
12/16/2009 22:45,-5.4
12/16/2009 22:50,-5.4
12/16/2009 22:55,-5.4
12/16/2009 23:00,-5.5
12/16/2009 23:05,-5.5
12/16/2009 23:10,-5.6
12/16/2009 23:15,-5.6
12/16/2009 23:20,-5.6
12/16/2009 23:25,-5.6
12/16/2009 23:30,-5.65
12/16/2009 23:35,-5.6
12/16/2009 23:40,-5.65
12/16/2009 23:45,-5.65
12/16/2009 23:50,-5.65
12/16/2009 23:55,-5.75
12/17/2009 0:00,-5.75
12/17/2009 0:05,-5.8
12/17/2009 0:10,-5.8
12/17/2009 0:15,-5.8
12/17/2009 0:20,-5.9
12/17/2009 0:25,-5.9
12/17/2009 0:30,-5.9
12/17/2009 0:35,-5.9
12/17/2009 0:40,-5.9
12/17/2009 0:45,-6
12/17/2009 0:50,-6
12/17/2009 0:55,-6
12/17/2009 1:00,-6.05
12/17/2009 1:05,-6
12/17/2009 1:10,-6.05
12/17/2009 1:15,-6.05
12/17/2009 1:20,-6.05
12/17/2009 1:25,-6.05
12/17/2009 1:30,-6.15
12/17/2009 1:35,-6.15
12/17/2009 1:40,-6.15
12/17/2009 1:45,-6.15
12/17/2009 1:50,-6.15
12/17/2009 1:55,-6.15
12/17/2009 2:00,-6.2
12/17/2009 2:05,-6.3
12/17/2009 2:10,-6.3
12/17/2009 2:15,-6.3
12/17/2009 2:20,-6.35
12/17/2009 2:25,-6.35
12/17/2009 2:30,-6.45
12/17/2009 2:35,-6.45
12/17/2009 2:40,-6.55
12/17/2009 2:45,-6.6
12/17/2009 2:50,-6.6
12/17/2009 2:55,-6.7
12/17/2009 3:00,-6.7
12/17/2009 3:05,-6.7
12/17/2009 3:10,-6.7
12/17/2009 3:15,-6.7
12/17/2009 3:20,-6.7
12/17/2009 3:25,-6.75
12/17/2009 3:30,-6.75
12/17/2009 3:35,-6.75
12/17/2009 3:40,-6.75
12/17/2009 3:45,-6.75
12/17/2009 3:50,-6.75
12/17/2009 3:55,-6.85
12/17/2009 4:00,-6.85
12/17/2009 4:05,-6.95
12/17/2009 4:10,-6.95
12/17/2009 4:15,-6.95
12/17/2009 4:20,-7
12/17/2009 4:25,-7
12/17/2009 4:30,-7
12/17/2009 4:35,-7
12/17/2009 4:40,-7
12/17/2009 4:45,-7
12/17/2009 4:50,-7.1
12/17/2009 4:55,-7.1
12/17/2009 5:00,-7.15
12/17/2009 5:05,-7.25
12/17/2009 5:10,-7.25
12/17/2009 5:15,-7.25
12/17/2009 5:20,-7.25
12/17/2009 5:25,-7.25
12/17/2009 5:30,-7.25
12/17/2009 5:35,-7.25
12/17/2009 5:40,-7.35
12/17/2009 5:45,-7.35
12/17/2009 5:50,-7.35
12/17/2009 5:55,-7.35
12/17/2009 6:00,-7.35
12/17/2009 6:05,-7.4
12/17/2009 6:10,-7.4
12/17/2009 6:15,-7.4
12/17/2009 6:20,-7.4
12/17/2009 6:25,-7.4
12/17/2009 6:30,-7.4
12/17/2009 6:35,-7.5
12/17/2009 6:40,-7.5
12/17/2009 6:45,-7.5
12/17/2009 6:50,-7.5
12/17/2009 6:55,-7.5
12/17/2009 7:00,-7.55
12/17/2009 7:05,-7.55
12/17/2009 7:10,-7.55
12/17/2009 7:15,-7.5
12/17/2009 7:20,-7.5
12/17/2009 7:25,-7.5
12/17/2009 7:30,-7.5
12/17/2009 7:35,-7.5
12/17/2009 7:40,-7.5
12/17/2009 7:45,-7.5
12/17/2009 7:50,-7.5
12/17/2009 7:55,-7.55
12/17/2009 8:00,-7.55
12/17/2009 8:05,-7.5
12/17/2009 8:10,-7.5
12/17/2009 8:15,-7.5
12/17/2009 8:20,-7.55
12/17/2009 8:25,-7.5
12/17/2009 8:30,-7.5
12/17/2009 8:35,-7.5
12/17/2009 8:40,-7.5
12/17/2009 8:45,-7.5
12/17/2009 8:50,-7.5
12/17/2009 8:55,-7.5
12/17/2009 9:00,-7.5
12/17/2009 9:05,-7.5
12/17/2009 9:10,-7.5
12/17/2009 9:15,-7.4
12/17/2009 9:20,-7.4
12/17/2009 9:25,-7.5
12/17/2009 9:30,-7.5
12/17/2009 9:35,-7.5
12/17/2009 9:40,-7.4
12/17/2009 9:45,-7.4
12/17/2009 9:50,-7.4
12/17/2009 9:55,-7.35
12/17/2009 10:00,-7.25
12/17/2009 10:05,-7.15
12/17/2009 10:10,-7.1
12/17/2009 10:15,-7.1
12/17/2009 10:20,-7
12/17/2009 10:25,-6.95
12/17/2009 10:30,-6.85
12/17/2009 10:35,-6.75
12/17/2009 10:40,-6.7
12/17/2009 10:45,-6.6
12/17/2009 10:50,-6.45
12/17/2009 10:55,-6.35
12/17/2009 11:00,-6.3
12/17/2009 11:05,-6.3
12/17/2009 11:10,-6.2
12/17/2009 11:15,-6.3
12/17/2009 11:20,-6.3
12/17/2009 11:25,-6.35
12/17/2009 11:30,-6.35
12/17/2009 11:35,-6.45
12/17/2009 11:40,-6.45
12/17/2009 11:45,-6.45
12/17/2009 11:50,-6.35
12/17/2009 11:55,-6.3
12/17/2009 12:00,-6.3
12/17/2009 12:05,-6.2
12/17/2009 12:10,-6.2
12/17/2009 12:15,-6.2
12/17/2009 12:20,-6.2
12/17/2009 12:25,-6.15
12/17/2009 12:30,-6.15
12/17/2009 12:35,-6.05
12/17/2009 12:40,-6.05
12/17/2009 12:45,-6.05
12/17/2009 12:50,-6.05
12/17/2009 12:55,-6.05
12/17/2009 13:00,-6.05
12/17/2009 13:05,-6
12/17/2009 13:10,-6
12/17/2009 13:15,-5.9
12/17/2009 13:20,-5.9
12/17/2009 13:25,-6
12/17/2009 13:30,-6.05
12/17/2009 13:35,-6.15
12/17/2009 13:40,-6.15
12/17/2009 13:45,-6.05
12/17/2009 13:50,-6.05
12/17/2009 13:55,-6
12/17/2009 14:00,-6.05
12/17/2009 14:05,-6
12/17/2009 14:10,-6
12/17/2009 14:15,-6.05
12/17/2009 14:20,-6
12/17/2009 14:25,-6.05
12/17/2009 14:30,-6.05
12/17/2009 14:35,-6.05
12/17/2009 14:40,-6.05
12/17/2009 14:45,-6.05
12/17/2009 14:50,-6.15
12/17/2009 14:55,-6.15
12/17/2009 15:00,-6.2
12/17/2009 15:05,-6.3
12/17/2009 15:10,-6.3
12/17/2009 15:15,-6.3
12/17/2009 15:20,-6.35
12/17/2009 15:25,-6.45
12/17/2009 15:30,-6.55
12/17/2009 15:35,-6.6
12/17/2009 15:40,-6.6
12/17/2009 15:45,-6.6
12/17/2009 15:50,-6.6
12/17/2009 15:55,-6.7
12/17/2009 16:00,-6.7
12/17/2009 16:05,-6.75
12/17/2009 16:10,-6.85
12/17/2009 16:15,-6.95
12/17/2009 16:20,-7
12/17/2009 16:25,-7
12/17/2009 16:30,-7.1
12/17/2009 16:35,-7.15
12/17/2009 16:40,-7.25
12/17/2009 16:45,-7.35
12/17/2009 16:50,-7.35
12/17/2009 16:55,-7.35
12/17/2009 17:00,-7.35
12/17/2009 17:05,-7.4
12/17/2009 17:10,-7.4
12/17/2009 17:15,-7.4
12/17/2009 17:20,-7.4
12/17/2009 17:25,-7.4
12/17/2009 17:30,-7.4
12/17/2009 17:35,-7.4
12/17/2009 17:40,-7.4
12/17/2009 17:45,-7.4
12/17/2009 17:50,-7.4
12/17/2009 17:55,-7.4
12/17/2009 18:00,-7.4
12/17/2009 18:05,-7.4
12/17/2009 18:10,-7.4
12/17/2009 18:15,-7.4
12/17/2009 18:20,-7.4
12/17/2009 18:25,-7.35
12/17/2009 18:30,-7.35
12/17/2009 18:35,-7.35
12/17/2009 18:40,-7.35
12/17/2009 18:45,-7.4
12/17/2009 18:50,-7.4
12/17/2009 18:55,-7.5
12/17/2009 19:00,-7.5
12/17/2009 19:05,-7.55
12/17/2009 19:10,-7.65
12/17/2009 19:15,-7.75
12/17/2009 19:20,-7.8
12/17/2009 19:25,-7.9
12/17/2009 19:30,-7.9
12/17/2009 19:35,-7.95
12/17/2009 19:40,-8.05
12/17/2009 19:45,-8.05
12/17/2009 19:50,-8.05
12/17/2009 19:55,-8.2
12/17/2009 20:00,-8.3
12/17/2009 20:05,-8.3
12/17/2009 20:10,-8.35
12/17/2009 20:15,-8.45
12/17/2009 20:20,-8.55
12/17/2009 20:25,-8.55
12/17/2009 20:30,-8.55
12/17/2009 20:35,-8.6
12/17/2009 20:40,-8.75
12/17/2009 20:45,-8.85
12/17/2009 20:50,-8.85
12/17/2009 20:55,-8.9
12/17/2009 21:00,-9.1
12/17/2009 21:05,-9.15
12/17/2009 21:10,-9.25
12/17/2009 21:15,-9.4
12/17/2009 21:20,-9.5
12/17/2009 21:25,-9.5
12/17/2009 21:30,-9.55
12/17/2009 21:35,-9.65
12/17/2009 21:40,-9.7
12/17/2009 21:45,-9.7
12/17/2009 21:50,-9.8
12/17/2009 21:55,-9.8
12/17/2009 22:00,-9.9
12/17/2009 22:05,-9.9
12/17/2009 22:10,-9.9
12/17/2009 22:15,-9.9
12/17/2009 22:20,-9.9
12/17/2009 22:25,-9.9
12/17/2009 22:30,-9.9
12/17/2009 22:35,-9.95
12/17/2009 22:40,-9.95
12/17/2009 22:45,-10.05
12/17/2009 22:50,-10.05
12/17/2009 22:55,-10.05
12/17/2009 23:00,-10.05
12/17/2009 23:05,-10.1
12/17/2009 23:10,-10.1
12/17/2009 23:15,-10.2
12/17/2009 23:20,-10.2
12/17/2009 23:25,-10.2
12/17/2009 23:30,-10.2
12/17/2009 23:35,-10.3
12/17/2009 23:40,-10.3
12/17/2009 23:45,-10.35
12/17/2009 23:50,-10.35
12/17/2009 23:55,-10.35
12/18/2009 0:00,-10.35
12/18/2009 0:05,-10.35
12/18/2009 0:10,-10.35
12/18/2009 0:15,-10.35
12/18/2009 0:20,-10.35
12/18/2009 0:25,-10.35
12/18/2009 0:30,-10.35
12/18/2009 0:35,-10.35
12/18/2009 0:40,-10.35
12/18/2009 0:45,-10.35
12/18/2009 0:50,-10.35
12/18/2009 0:55,-10.35
12/18/2009 1:00,-10.35
12/18/2009 1:05,-10.45
12/18/2009 1:10,-10.45
12/18/2009 1:15,-10.5
12/18/2009 1:20,-10.5
12/18/2009 1:25,-10.5
12/18/2009 1:30,-10.5
12/18/2009 1:35,-10.5
12/18/2009 1:40,-10.6
12/18/2009 1:45,-10.6
12/18/2009 1:50,-10.6
12/18/2009 1:55,-10.6
12/18/2009 2:00,-10.6
12/18/2009 2:05,-10.6
12/18/2009 2:10,-10.7
12/18/2009 2:15,-10.7
12/18/2009 2:20,-10.75
12/18/2009 2:25,-10.75
12/18/2009 2:30,-10.75
12/18/2009 2:35,-10.75
12/18/2009 2:40,-10.85
12/18/2009 2:45,-10.85
12/18/2009 2:50,-10.85
12/18/2009 2:55,-10.9
12/18/2009 3:00,-10.9
12/18/2009 3:05,-10.9
12/18/2009 3:10,-10.9
12/18/2009 3:15,-11
12/18/2009 3:20,-11
12/18/2009 3:25,-11
12/18/2009 3:30,-11
12/18/2009 3:35,-11.1
12/18/2009 3:40,-11.1
12/18/2009 3:45,-11.1
12/18/2009 3:50,-11.1
12/18/2009 3:55,-11.1
12/18/2009 4:00,-11.15
12/18/2009 4:05,-11.15
12/18/2009 4:10,-11.15
12/18/2009 4:15,-11.15
12/18/2009 4:20,-11.15
12/18/2009 4:25,-11.15
12/18/2009 4:30,-11.15
12/18/2009 4:35,-11.1
12/18/2009 4:40,-11.1
12/18/2009 4:45,-11.15
12/18/2009 4:50,-11.1
12/18/2009 4:55,-11.1
12/18/2009 5:00,-11.1
12/18/2009 5:05,-11.1
12/18/2009 5:10,-11
12/18/2009 5:15,-11.1
12/18/2009 5:20,-11.1
12/18/2009 5:25,-11
12/18/2009 5:30,-11
12/18/2009 5:35,-11
12/18/2009 5:40,-11
12/18/2009 5:45,-11
12/18/2009 5:50,-10.9
12/18/2009 5:55,-11
12/18/2009 6:00,-11
12/18/2009 6:05,-10.9
12/18/2009 6:10,-11
12/18/2009 6:15,-11
12/18/2009 6:20,-11
12/18/2009 6:25,-11
12/18/2009 6:30,-11.1
12/18/2009 6:35,-11.1
12/18/2009 6:40,-11.15
12/18/2009 6:45,-11.15
12/18/2009 6:50,-11.15
12/18/2009 6:55,-11.15
12/18/2009 7:00,-11.15
12/18/2009 7:05,-11.15
12/18/2009 7:10,-11.15
12/18/2009 7:15,-11.15
12/18/2009 7:20,-11.15
12/18/2009 7:25,-11.15
12/18/2009 7:30,-11.25
12/18/2009 7:35,-11.25
12/18/2009 7:40,-11.25
12/18/2009 7:45,-11.3
12/18/2009 7:50,-11.4
12/18/2009 7:55,-11.4
12/18/2009 8:00,-11.4
12/18/2009 8:05,-11.45
12/18/2009 8:10,-11.45
12/18/2009 8:15,-11.45
12/18/2009 8:20,-11.45
12/18/2009 8:25,-11.45
12/18/2009 8:30,-11.45
12/18/2009 8:35,-11.45
12/18/2009 8:40,-11.45
12/18/2009 8:45,-11.4
12/18/2009 8:50,-11.4
12/18/2009 8:55,-11.4
12/18/2009 9:00,-11.4
12/18/2009 9:05,-11.3
12/18/2009 9:10,-11.3
12/18/2009 9:15,-11.3
12/18/2009 9:20,-11.3
12/18/2009 9:25,-11.25
12/18/2009 9:30,-11.15
12/18/2009 9:35,-11.1
12/18/2009 9:40,-11
12/18/2009 9:45,-11
12/18/2009 9:50,-10.9
12/18/2009 9:55,-10.85
12/18/2009 10:00,-10.75
12/18/2009 10:05,-10.75
12/18/2009 10:10,-10.7
12/18/2009 10:15,-10.7
12/18/2009 10:20,-10.6
12/18/2009 10:25,-10.5
12/18/2009 10:30,-10.5
12/18/2009 10:35,-10.5
12/18/2009 10:40,-10.5
12/18/2009 10:45,-10.45
12/18/2009 10:50,-10.45
12/18/2009 10:55,-10.35
12/18/2009 11:00,-10.45
12/18/2009 11:05,-10.35
12/18/2009 11:10,-10.35
12/18/2009 11:15,-10.35
12/18/2009 11:20,-10.35
12/18/2009 11:25,-10.35
12/18/2009 11:30,-10.35
12/18/2009 11:35,-10.35
12/18/2009 11:40,-10.3
12/18/2009 11:45,-10.3
12/18/2009 11:50,-10.3
12/18/2009 11:55,-10.3
12/18/2009 12:00,-10.3
12/18/2009 12:05,-10.35
12/18/2009 12:10,-10.3
12/18/2009 12:15,-10.3
12/18/2009 12:20,-10.3
12/18/2009 12:25,-10.2
12/18/2009 12:30,-10.2
12/18/2009 12:35,-10.1
12/18/2009 12:40,-10.05
12/18/2009 12:45,-10.05
12/18/2009 12:50,-9.95
12/18/2009 12:55,-9.95
12/18/2009 13:00,-9.95
12/18/2009 13:05,-9.95
12/18/2009 13:10,-9.9
12/18/2009 13:15,-9.9
12/18/2009 13:20,-9.9
12/18/2009 13:25,-9.9
12/18/2009 13:30,-9.95
12/18/2009 13:35,-9.95
12/18/2009 13:40,-9.95
12/18/2009 13:45,-9.9
12/18/2009 13:50,-9.9
12/18/2009 13:55,-9.9
12/18/2009 14:00,-9.9
12/18/2009 14:05,-9.9
12/18/2009 14:10,-9.9
12/18/2009 14:15,-9.9
12/18/2009 14:20,-9.9
12/18/2009 14:25,-10.05
12/18/2009 14:30,-10.2
12/18/2009 14:35,-10.2
12/18/2009 14:40,-10.2
12/18/2009 14:45,-10.3
12/18/2009 14:50,-10.2
12/18/2009 14:55,-10.2
12/18/2009 15:00,-10.2
12/18/2009 15:05,-10.3
12/18/2009 15:10,-10.35
12/18/2009 15:15,-10.35
12/18/2009 15:20,-10.45
12/18/2009 15:25,-10.45
12/18/2009 15:30,-10.45
12/18/2009 15:35,-10.5
12/18/2009 15:40,-10.6
12/18/2009 15:45,-10.7
12/18/2009 15:50,-10.75
12/18/2009 15:55,-10.75
12/18/2009 16:00,-10.75
12/18/2009 16:05,-10.75
12/18/2009 16:10,-10.85
12/18/2009 16:15,-10.9
12/18/2009 16:20,-11
12/18/2009 16:25,-11.1
12/18/2009 16:30,-11.1
12/18/2009 16:35,-11.1
12/18/2009 16:40,-11.15
12/18/2009 16:45,-11.15
12/18/2009 16:50,-11.15
12/18/2009 16:55,-11.25
12/18/2009 17:00,-11.3
12/18/2009 17:05,-11.3
12/18/2009 17:10,-11.4
12/18/2009 17:15,-11.4
12/18/2009 17:20,-11.4
12/18/2009 17:25,-11.45
12/18/2009 17:30,-11.4
12/18/2009 17:35,-11.4
12/18/2009 17:40,-11.45
12/18/2009 17:45,-11.45
12/18/2009 17:50,-11.45
12/18/2009 17:55,-11.55
12/18/2009 18:00,-11.55
12/18/2009 18:05,-11.55
12/18/2009 18:10,-11.55
12/18/2009 18:15,-11.55
12/18/2009 18:20,-11.65
12/18/2009 18:25,-11.65
12/18/2009 18:30,-11.65
12/18/2009 18:35,-11.65
12/18/2009 18:40,-11.65
12/18/2009 18:45,-11.65
12/18/2009 18:50,-11.65
12/18/2009 18:55,-11.65
12/18/2009 19:00,-11.65
12/18/2009 19:05,-11.7
12/18/2009 19:10,-11.7
12/18/2009 19:15,-11.7
12/18/2009 19:20,-11.7
12/18/2009 19:25,-11.7
12/18/2009 19:30,-11.7
12/18/2009 19:35,-11.7
12/18/2009 19:40,-11.7
12/18/2009 19:45,-11.7
12/18/2009 19:50,-11.7
12/18/2009 19:55,-11.7
12/18/2009 20:00,-11.65
12/18/2009 20:05,-11.65
12/18/2009 20:10,-11.65
12/18/2009 20:15,-11.65
12/18/2009 20:20,-11.65
12/18/2009 20:25,-11.55
12/18/2009 20:30,-11.65
12/18/2009 20:35,-11.65
12/18/2009 20:40,-11.65
12/18/2009 20:45,-11.65
12/18/2009 20:50,-11.65
12/18/2009 20:55,-11.65
12/18/2009 21:00,-11.65
12/18/2009 21:05,-11.55
12/18/2009 21:10,-11.55
12/18/2009 21:15,-11.55
12/18/2009 21:20,-11.55
12/18/2009 21:25,-11.55
12/18/2009 21:30,-11.55
12/18/2009 21:35,-11.55
12/18/2009 21:40,-11.55
12/18/2009 21:45,-11.65
12/18/2009 21:50,-11.55
12/18/2009 21:55,-11.55
12/18/2009 22:00,-11.55
12/18/2009 22:05,-11.55
12/18/2009 22:10,-11.55
12/18/2009 22:15,-11.55
12/18/2009 22:20,-11.55
12/18/2009 22:25,-11.65
12/18/2009 22:30,-11.65
12/18/2009 22:35,-11.65
12/18/2009 22:40,-11.7
12/18/2009 22:45,-11.7
12/18/2009 22:50,-11.7
12/18/2009 22:55,-11.7
12/18/2009 23:00,-11.7
12/18/2009 23:05,-11.7
12/18/2009 23:10,-11.8
12/18/2009 23:15,-11.7
12/18/2009 23:20,-11.7
12/18/2009 23:25,-11.7
12/18/2009 23:30,-11.7
12/18/2009 23:35,-11.8
12/18/2009 23:40,-11.8
12/18/2009 23:45,-11.8
12/18/2009 23:50,-11.8
12/18/2009 23:55,-11.85
12/19/2009 0:00,-11.85
12/19/2009 0:05,-11.95
12/19/2009 0:10,-11.95
12/19/2009 0:15,-12.05
12/19/2009 0:20,-12.1
12/19/2009 0:25,-12.1
12/19/2009 0:30,-12.2
12/19/2009 0:35,-12.25
12/19/2009 0:40,-12.25
12/19/2009 0:45,-12.35
12/19/2009 0:50,-12.35
12/19/2009 0:55,-12.35
12/19/2009 1:00,-12.35
12/19/2009 1:05,-12.25
12/19/2009 1:10,-12.25
12/19/2009 1:15,-12.25
12/19/2009 1:20,-12.25
12/19/2009 1:25,-12.2
12/19/2009 1:30,-12.2
12/19/2009 1:35,-12.2
12/19/2009 1:40,-12.1
12/19/2009 1:45,-12.1
12/19/2009 1:50,-12.1
12/19/2009 1:55,-12.1
12/19/2009 2:00,-12.05
12/19/2009 2:05,-12.05
12/19/2009 2:10,-12.05
12/19/2009 2:15,-12.05
12/19/2009 2:20,-12.05
12/19/2009 2:25,-12.1
12/19/2009 2:30,-12.1
12/19/2009 2:35,-12.1
12/19/2009 2:40,-12.2
12/19/2009 2:45,-12.2
12/19/2009 2:50,-12.2
12/19/2009 2:55,-12.25
12/19/2009 3:00,-12.25
12/19/2009 3:05,-12.25
12/19/2009 3:10,-12.35
12/19/2009 3:15,-12.35
12/19/2009 3:20,-12.45
12/19/2009 3:25,-12.45
12/19/2009 3:30,-12.45
12/19/2009 3:35,-12.45
12/19/2009 3:40,-12.5
12/19/2009 3:45,-12.5
12/19/2009 3:50,-12.5
12/19/2009 3:55,-12.6
12/19/2009 4:00,-12.6
12/19/2009 4:05,-12.6
12/19/2009 4:10,-12.6
12/19/2009 4:15,-12.6
12/19/2009 4:20,-12.6
12/19/2009 4:25,-12.6
12/19/2009 4:30,-12.6
12/19/2009 4:35,-12.5
12/19/2009 4:40,-12.5
12/19/2009 4:45,-12.5
12/19/2009 4:50,-12.5
12/19/2009 4:55,-12.6
12/19/2009 5:00,-12.6
12/19/2009 5:05,-12.6
12/19/2009 5:10,-12.6
12/19/2009 5:15,-12.6
12/19/2009 5:20,-12.6
12/19/2009 5:25,-12.6
12/19/2009 5:30,-12.5
12/19/2009 5:35,-12.6
12/19/2009 5:40,-12.5
12/19/2009 5:45,-12.6
12/19/2009 5:50,-12.6
12/19/2009 5:55,-12.6
12/19/2009 6:00,-12.6
12/19/2009 6:05,-12.5
12/19/2009 6:10,-12.6
12/19/2009 6:15,-12.6
12/19/2009 6:20,-12.5
12/19/2009 6:25,-12.45
12/19/2009 6:30,-12.5
12/19/2009 6:35,-12.45
12/19/2009 6:40,-12.45
12/19/2009 6:45,-12.45
12/19/2009 6:50,-12.5
12/19/2009 6:55,-12.5
12/19/2009 7:00,-12.6
12/19/2009 7:05,-12.65
12/19/2009 7:10,-12.75
12/19/2009 7:15,-12.85
12/19/2009 7:20,-12.85
12/19/2009 7:25,-12.9
12/19/2009 7:30,-12.9
12/19/2009 7:35,-12.9
12/19/2009 7:40,-12.9
12/19/2009 7:45,-12.9
12/19/2009 7:50,-12.85
12/19/2009 7:55,-12.75
12/19/2009 8:00,-12.75
12/19/2009 8:05,-12.65
12/19/2009 8:10,-12.65
12/19/2009 8:15,-12.65
12/19/2009 8:20,-12.6
12/19/2009 8:25,-12.6
12/19/2009 8:30,-12.5
12/19/2009 8:35,-12.5
12/19/2009 8:40,-12.45
12/19/2009 8:45,-12.35
12/19/2009 8:50,-12.35
12/19/2009 8:55,-12.35
12/19/2009 9:00,-12.25
12/19/2009 9:05,-12.25
12/19/2009 9:10,-12.2
12/19/2009 9:15,-12.1
12/19/2009 9:20,-12.05
12/19/2009 9:25,-11.95
12/19/2009 9:30,-11.85
12/19/2009 9:35,-11.8
12/19/2009 9:40,-11.8
12/19/2009 9:45,-11.7
12/19/2009 9:50,-11.7
12/19/2009 9:55,-11.65
12/19/2009 10:00,-11.65
12/19/2009 10:05,-11.55
12/19/2009 10:10,-11.45
12/19/2009 10:15,-11.4
12/19/2009 10:20,-11.4
12/19/2009 10:25,-11.3
12/19/2009 10:30,-11.25
12/19/2009 10:35,-11.15
12/19/2009 10:40,-11.1
12/19/2009 10:45,-11
12/19/2009 10:50,-11
12/19/2009 10:55,-11
12/19/2009 11:00,-11
12/19/2009 11:05,-10.9
12/19/2009 11:10,-10.9
12/19/2009 11:15,-10.85
12/19/2009 11:20,-10.85
12/19/2009 11:25,-10.75
12/19/2009 11:30,-10.75
12/19/2009 11:35,-10.75
12/19/2009 11:40,-10.75
12/19/2009 11:45,-10.75
12/19/2009 11:50,-10.7
12/19/2009 11:55,-10.7
12/19/2009 12:00,-10.7
12/19/2009 12:05,-10.6
12/19/2009 12:10,-10.7
12/19/2009 12:15,-10.7
12/19/2009 12:20,-10.7
12/19/2009 12:25,-10.6
12/19/2009 12:30,-10.6
12/19/2009 12:35,-10.5
12/19/2009 12:40,-10.5
12/19/2009 12:45,-10.5
12/19/2009 12:50,-10.5
12/19/2009 12:55,-10.5
12/19/2009 13:00,-10.45
12/19/2009 13:05,-10.35
12/19/2009 13:10,-10.35
12/19/2009 13:15,-10.35
12/19/2009 13:20,-10.35
12/19/2009 13:25,-10.45
12/19/2009 13:30,-10.5
12/19/2009 13:35,-10.5
12/19/2009 13:40,-10.6
12/19/2009 13:45,-10.75
12/19/2009 13:50,-10.75
12/19/2009 13:55,-10.85
12/19/2009 14:00,-11
12/19/2009 14:05,-11.1
12/19/2009 14:10,-11.15
12/19/2009 14:15,-11.25
12/19/2009 14:20,-11.3
12/19/2009 14:25,-11.3
12/19/2009 14:30,-11.3
12/19/2009 14:35,-11.3
12/19/2009 14:40,-11.3
12/19/2009 14:45,-11.3
12/19/2009 14:50,-11.3
12/19/2009 14:55,-11.25
12/19/2009 15:00,-11.3
12/19/2009 15:05,-11.3
12/19/2009 15:10,-11.25
12/19/2009 15:15,-11.15
12/19/2009 15:20,-11.25
12/19/2009 15:25,-11.25
12/19/2009 15:30,-11.3
12/19/2009 15:35,-11.3
12/19/2009 15:40,-11.3
12/19/2009 15:45,-11.3
12/19/2009 15:50,-11.3
12/19/2009 15:55,-11.3
12/19/2009 16:00,-11.3
12/19/2009 16:05,-11.3
12/19/2009 16:10,-11.3
12/19/2009 16:15,-11.3
12/19/2009 16:20,-11.4
12/19/2009 16:25,-11.4
12/19/2009 16:30,-11.4
12/19/2009 16:35,-11.45
12/19/2009 16:40,-11.45
12/19/2009 16:45,-11.45
12/19/2009 16:50,-11.45
12/19/2009 16:55,-11.4
12/19/2009 17:00,-11.4
12/19/2009 17:05,-11.4
12/19/2009 17:10,-11.4
12/19/2009 17:15,-11.4
12/19/2009 17:20,-11.4
12/19/2009 17:25,-11.4
12/19/2009 17:30,-11.4
12/19/2009 17:35,-11.4
12/19/2009 17:40,-11.4
12/19/2009 17:45,-11.4
12/19/2009 17:50,-11.4
12/19/2009 17:55,-11.45
12/19/2009 18:00,-11.45
12/19/2009 18:05,-11.45
12/19/2009 18:10,-11.45
12/19/2009 18:15,-11.55
12/19/2009 18:20,-11.45
12/19/2009 18:25,-11.45
12/19/2009 18:30,-11.45
12/19/2009 18:35,-11.55
12/19/2009 18:40,-11.55
12/19/2009 18:45,-11.55
12/19/2009 18:50,-11.55
12/19/2009 18:55,-11.55
12/19/2009 19:00,-11.65
12/19/2009 19:05,-11.65
12/19/2009 19:10,-11.65
12/19/2009 19:15,-11.65
12/19/2009 19:20,-11.55
12/19/2009 19:25,-11.65
12/19/2009 19:30,-11.55
12/19/2009 19:35,-11.55
12/19/2009 19:40,-11.65
12/19/2009 19:45,-11.55
12/19/2009 19:50,-11.55
12/19/2009 19:55,-11.55
12/19/2009 20:00,-11.65
12/19/2009 20:05,-11.65
12/19/2009 20:10,-11.55
12/19/2009 20:15,-11.55
12/19/2009 20:20,-11.55
12/19/2009 20:25,-11.55
12/19/2009 20:30,-11.55
12/19/2009 20:35,-11.55
12/19/2009 20:40,-11.55
12/19/2009 20:45,-11.55
12/19/2009 20:50,-11.55
12/19/2009 20:55,-11.55
12/19/2009 21:00,-11.55
12/19/2009 21:05,-11.55
12/19/2009 21:10,-11.55
12/19/2009 21:15,-11.45
12/19/2009 21:20,-11.45
12/19/2009 21:25,-11.45
12/19/2009 21:30,-11.45
12/19/2009 21:35,-11.55
12/19/2009 21:40,-11.55
12/19/2009 21:45,-11.45
12/19/2009 21:50,-11.55
12/19/2009 21:55,-11.65
12/19/2009 22:00,-11.65
12/19/2009 22:05,-11.65
12/19/2009 22:10,-11.55
12/19/2009 22:15,-11.55
12/19/2009 22:20,-11.55
12/19/2009 22:25,-11.65
12/19/2009 22:30,-11.65
12/19/2009 22:35,-11.65
12/19/2009 22:40,-11.65
12/19/2009 22:45,-11.65
12/19/2009 22:50,-11.65
12/19/2009 22:55,-11.65
12/19/2009 23:00,-11.65
12/19/2009 23:05,-11.65
12/19/2009 23:10,-11.65
12/19/2009 23:15,-11.65
12/19/2009 23:20,-11.7
12/19/2009 23:25,-11.7
12/19/2009 23:30,-11.7
12/19/2009 23:35,-11.65
12/19/2009 23:40,-11.7
12/19/2009 23:45,-11.65
12/19/2009 23:50,-11.7
12/19/2009 23:55,-11.7
12/20/2009 0:00,-11.7
12/20/2009 0:05,-11.7
12/20/2009 0:10,-11.7
12/20/2009 0:15,-11.7
12/20/2009 0:20,-11.7
12/20/2009 0:25,-11.7
12/20/2009 0:30,-11.7
12/20/2009 0:35,-11.7
12/20/2009 0:40,-11.8
12/20/2009 0:45,-11.8
12/20/2009 0:50,-11.8
12/20/2009 0:55,-11.8
12/20/2009 1:00,-11.8
12/20/2009 1:05,-11.7
12/20/2009 1:10,-11.7
12/20/2009 1:15,-11.7
12/20/2009 1:20,-11.8
12/20/2009 1:25,-11.8
12/20/2009 1:30,-11.8
12/20/2009 1:35,-11.8
12/20/2009 1:40,-11.8
12/20/2009 1:45,-11.8
12/20/2009 1:50,-11.8
12/20/2009 1:55,-11.85
12/20/2009 2:00,-11.8
12/20/2009 2:05,-11.8
12/20/2009 2:10,-11.8
12/20/2009 2:15,-11.8
12/20/2009 2:20,-11.8
12/20/2009 2:25,-11.8
12/20/2009 2:30,-11.85
12/20/2009 2:35,-11.85
12/20/2009 2:40,-11.85
12/20/2009 2:45,-11.85
12/20/2009 2:50,-11.85
12/20/2009 2:55,-11.85
12/20/2009 3:00,-11.85
12/20/2009 3:05,-11.85
12/20/2009 3:10,-11.85
12/20/2009 3:15,-11.8
12/20/2009 3:20,-11.85
12/20/2009 3:25,-11.85
12/20/2009 3:30,-11.85
12/20/2009 3:35,-11.85
12/20/2009 3:40,-11.8
12/20/2009 3:45,-11.8
12/20/2009 3:50,-11.8
12/20/2009 3:55,-11.8
12/20/2009 4:00,-11.8
12/20/2009 4:05,-11.85
12/20/2009 4:10,-11.85
12/20/2009 4:15,-11.85
12/20/2009 4:20,-11.85
12/20/2009 4:25,-11.85
12/20/2009 4:30,-11.85
12/20/2009 4:35,-11.8
12/20/2009 4:40,-11.8
12/20/2009 4:45,-11.8
12/20/2009 4:50,-11.8
12/20/2009 4:55,-11.8
12/20/2009 5:00,-11.8
12/20/2009 5:05,-11.8
12/20/2009 5:10,-11.7
12/20/2009 5:15,-11.8
12/20/2009 5:20,-11.8
12/20/2009 5:25,-11.8
12/20/2009 5:30,-11.8
12/20/2009 5:35,-11.7
12/20/2009 5:40,-11.8
12/20/2009 5:45,-11.7
12/20/2009 5:50,-11.7
12/20/2009 5:55,-11.8
12/20/2009 6:00,-11.7
12/20/2009 6:05,-11.7
12/20/2009 6:10,-11.7
12/20/2009 6:15,-11.7
12/20/2009 6:20,-11.7
12/20/2009 6:25,-11.65
12/20/2009 6:30,-11.65
12/20/2009 6:35,-11.55
12/20/2009 6:40,-11.45
12/20/2009 6:45,-11.45
12/20/2009 6:50,-11.45
12/20/2009 6:55,-11.45
12/20/2009 7:00,-11.4
12/20/2009 7:05,-11.4
12/20/2009 7:10,-11.3
12/20/2009 7:15,-11.3
12/20/2009 7:20,-11.25
12/20/2009 7:25,-11.15
12/20/2009 7:30,-11.1
12/20/2009 7:35,-11
12/20/2009 7:40,-11
12/20/2009 7:45,-10.9
12/20/2009 7:50,-10.85
12/20/2009 7:55,-10.85
12/20/2009 8:00,-10.85
12/20/2009 8:05,-10.85
12/20/2009 8:10,-10.75
12/20/2009 8:15,-10.75
12/20/2009 8:20,-10.75
12/20/2009 8:25,-10.75
12/20/2009 8:30,-10.75
12/20/2009 8:35,-10.75
12/20/2009 8:40,-10.75
12/20/2009 8:45,-10.75
12/20/2009 8:50,-10.75
12/20/2009 8:55,-10.75
12/20/2009 9:00,-10.75
12/20/2009 9:05,-10.75
12/20/2009 9:10,-10.7
12/20/2009 9:15,-10.7
12/20/2009 9:20,-10.6
12/20/2009 9:25,-10.6
12/20/2009 9:30,-10.6
12/20/2009 9:35,-10.5
12/20/2009 9:40,-10.5
12/20/2009 9:45,-10.45
12/20/2009 9:50,-10.45
12/20/2009 9:55,-10.3
12/20/2009 10:00,-10.3
12/20/2009 10:05,-10.2
12/20/2009 10:10,-10.1
12/20/2009 10:15,-10.1
12/20/2009 10:20,-9.95
12/20/2009 10:25,-9.95
12/20/2009 10:30,-9.9
12/20/2009 10:35,-9.8
12/20/2009 10:40,-9.8
12/20/2009 10:45,-9.7
12/20/2009 10:50,-9.7
12/20/2009 10:55,-9.7
12/20/2009 11:00,-9.7
12/20/2009 11:05,-9.7
12/20/2009 11:10,-9.7
12/20/2009 11:15,-9.7
12/20/2009 11:20,-9.7
12/20/2009 11:25,-9.7
12/20/2009 11:30,-9.7
12/20/2009 11:35,-9.8
12/20/2009 11:40,-9.9
12/20/2009 11:45,-9.95
12/20/2009 11:50,-10.05
12/20/2009 11:55,-10.1
12/20/2009 12:00,-10.1
12/20/2009 12:05,-10.1
12/20/2009 12:10,-10.05
12/20/2009 12:15,-10.1
12/20/2009 12:20,-10.1
12/20/2009 12:25,-10.2
12/20/2009 12:30,-10.2
12/20/2009 12:35,-10.3
12/20/2009 12:40,-10.3
12/20/2009 12:45,-10.3
12/20/2009 12:50,-10.2
12/20/2009 12:55,-10.2
12/20/2009 13:00,-10.2
12/20/2009 13:05,-10.2
12/20/2009 13:10,-10.2
12/20/2009 13:15,-10.2
12/20/2009 13:20,-10.2
12/20/2009 13:25,-10.1
12/20/2009 13:30,-10.1
12/20/2009 13:35,-10.1
12/20/2009 13:40,-10.05
12/20/2009 13:45,-9.95
12/20/2009 13:50,-9.8
12/20/2009 13:55,-9.7
12/20/2009 14:00,-9.7
12/20/2009 14:05,-9.7
12/20/2009 14:10,-9.8
12/20/2009 14:15,-9.8
12/20/2009 14:20,-9.9
12/20/2009 14:25,-9.95
12/20/2009 14:30,-9.95
12/20/2009 14:35,-10.05
12/20/2009 14:40,-10.05
12/20/2009 14:45,-10.1
12/20/2009 14:50,-10.1
12/20/2009 14:55,-10.2
12/20/2009 15:00,-10.2
12/20/2009 15:05,-10.2
12/20/2009 15:10,-10.3
12/20/2009 15:15,-10.35
12/20/2009 15:20,-10.45
12/20/2009 15:25,-10.5
12/20/2009 15:30,-10.6
12/20/2009 15:35,-10.7
12/20/2009 15:40,-10.75
12/20/2009 15:45,-10.85
12/20/2009 15:50,-10.9
12/20/2009 15:55,-11
12/20/2009 16:00,-11.1
12/20/2009 16:05,-11.15
12/20/2009 16:10,-11.25
12/20/2009 16:15,-11.25
12/20/2009 16:20,-11.3
12/20/2009 16:25,-11.3
12/20/2009 16:30,-11.3
12/20/2009 16:35,-11.3
12/20/2009 16:40,-11.3
12/20/2009 16:45,-11.4
12/20/2009 16:50,-11.45
12/20/2009 16:55,-11.55
12/20/2009 17:00,-11.65
12/20/2009 17:05,-11.7
12/20/2009 17:10,-11.8
12/20/2009 17:15,-11.95
12/20/2009 17:20,-12.05
12/20/2009 17:25,-12.2
12/20/2009 17:30,-12.35
12/20/2009 17:35,-12.45
12/20/2009 17:40,-12.5
12/20/2009 17:45,-12.65
12/20/2009 17:50,-12.75
12/20/2009 17:55,-12.75
12/20/2009 18:00,-12.85
12/20/2009 18:05,-12.9
12/20/2009 18:10,-12.9
12/20/2009 18:15,-13
12/20/2009 18:20,-13.05
12/20/2009 18:25,-13.05
12/20/2009 18:30,-13.15
12/20/2009 18:35,-13.25
12/20/2009 18:40,-13.3
12/20/2009 18:45,-13.3
12/20/2009 18:50,-13.4
12/20/2009 18:55,-13.45
12/20/2009 19:00,-13.55
12/20/2009 19:05,-13.55
12/20/2009 19:10,-13.65
12/20/2009 19:15,-13.7
12/20/2009 19:20,-13.7
12/20/2009 19:25,-13.8
12/20/2009 19:30,-13.85
12/20/2009 19:35,-13.95
12/20/2009 19:40,-14
12/20/2009 19:45,-14.2
12/20/2009 19:50,-14.25
12/20/2009 19:55,-14.35
12/20/2009 20:00,-14.35
12/20/2009 20:05,-14.25
12/20/2009 20:10,-14.2
12/20/2009 20:15,-14.2
12/20/2009 20:20,-14.2
12/20/2009 20:25,-14.2
12/20/2009 20:30,-14.25
12/20/2009 20:35,-14.35
12/20/2009 20:40,-14.35
12/20/2009 20:45,-14.35
12/20/2009 20:50,-14.35
12/20/2009 20:55,-14.4
12/20/2009 21:00,-14.5
12/20/2009 21:05,-14.5
12/20/2009 21:10,-14.6
12/20/2009 21:15,-14.6
12/20/2009 21:20,-14.6
12/20/2009 21:25,-14.6
12/20/2009 21:30,-14.6
12/20/2009 21:35,-14.6
12/20/2009 21:40,-14.6
12/20/2009 21:45,-14.6
12/20/2009 21:50,-14.6
12/20/2009 21:55,-14.6
12/20/2009 22:00,-14.6
12/20/2009 22:05,-14.65
12/20/2009 22:10,-14.75
12/20/2009 22:15,-14.75
12/20/2009 22:20,-14.75
12/20/2009 22:25,-14.75
12/20/2009 22:30,-14.8
12/20/2009 22:35,-14.9
12/20/2009 22:40,-15
12/20/2009 22:45,-15.05
12/20/2009 22:50,-15.2
12/20/2009 22:55,-15.3
12/20/2009 23:00,-15.55
12/20/2009 23:05,-15.55
12/20/2009 23:10,-15.7
12/20/2009 23:15,-15.8
12/20/2009 23:20,-15.85
12/20/2009 23:25,-15.95
12/20/2009 23:30,-16
12/20/2009 23:35,-16
12/20/2009 23:40,-16.1
12/20/2009 23:45,-16.1
12/20/2009 23:50,-16.1
12/20/2009 23:55,-16.2
12/21/2009 0:00,-16.2
12/21/2009 0:05,-16.2
12/21/2009 0:10,-16.2
12/21/2009 0:15,-16.1
12/21/2009 0:20,-16.1
12/21/2009 0:25,-16.1
12/21/2009 0:30,-16.1
12/21/2009 0:35,-16.1
12/21/2009 0:40,-16.1
12/21/2009 0:45,-16.1
12/21/2009 0:50,-16.1
12/21/2009 0:55,-16.2
12/21/2009 1:00,-16.2
12/21/2009 1:05,-16.2
12/21/2009 1:10,-16.1
12/21/2009 1:15,-16.1
12/21/2009 1:20,-16.1
12/21/2009 1:25,-16.1
12/21/2009 1:30,-16.1
12/21/2009 1:35,-16.2
12/21/2009 1:40,-16.25
12/21/2009 1:45,-16.25
12/21/2009 1:50,-16.25
12/21/2009 1:55,-16.25
12/21/2009 2:00,-16.25
12/21/2009 2:05,-16.25
12/21/2009 2:10,-16.2
12/21/2009 2:15,-16.1
12/21/2009 2:20,-16.1
12/21/2009 2:25,-16.1
12/21/2009 2:30,-16
12/21/2009 2:35,-16
12/21/2009 2:40,-15.95
12/21/2009 2:45,-15.85
12/21/2009 2:50,-15.8
12/21/2009 2:55,-15.7
12/21/2009 3:00,-15.7
12/21/2009 3:05,-15.55
12/21/2009 3:10,-15.55
12/21/2009 3:15,-15.4
12/21/2009 3:20,-15.3
12/21/2009 3:25,-15.15
12/21/2009 3:30,-15.05
12/21/2009 3:35,-14.9
12/21/2009 3:40,-14.8
12/21/2009 3:45,-14.75
12/21/2009 3:50,-14.6
12/21/2009 3:55,-14.6
12/21/2009 4:00,-14.4
12/21/2009 4:05,-14.35
12/21/2009 4:10,-14.2
12/21/2009 4:15,-14
12/21/2009 4:20,-13.95
12/21/2009 4:25,-13.8
12/21/2009 4:30,-13.7
12/21/2009 4:35,-13.65
12/21/2009 4:40,-13.65
12/21/2009 4:45,-13.55
12/21/2009 4:50,-13.45
12/21/2009 4:55,-13.4
12/21/2009 5:00,-13.3
12/21/2009 5:05,-13.25
12/21/2009 5:10,-13.15
12/21/2009 5:15,-13.05
12/21/2009 5:20,-13.05
12/21/2009 5:25,-13
12/21/2009 5:30,-13
12/21/2009 5:35,-12.9
12/21/2009 5:40,-12.9
12/21/2009 5:45,-12.75
12/21/2009 5:50,-12.65
12/21/2009 5:55,-12.65
12/21/2009 6:00,-12.5
12/21/2009 6:05,-12.45
12/21/2009 6:10,-12.45
12/21/2009 6:15,-12.45
12/21/2009 6:20,-12.5
12/21/2009 6:25,-12.6
12/21/2009 6:30,-12.65
12/21/2009 6:35,-12.75
12/21/2009 6:40,-12.75
12/21/2009 6:45,-12.75
12/21/2009 6:50,-12.65
12/21/2009 6:55,-12.65
12/21/2009 7:00,-12.65
12/21/2009 7:05,-12.5
12/21/2009 7:10,-12.45
12/21/2009 7:15,-12.25
12/21/2009 7:20,-12.1
12/21/2009 7:25,-11.95
12/21/2009 7:30,-11.85
12/21/2009 7:35,-11.7
12/21/2009 7:40,-11.7
12/21/2009 7:45,-11.7
12/21/2009 7:50,-11.65
12/21/2009 7:55,-11.55
12/21/2009 8:00,-11.45
12/21/2009 8:05,-11.4
12/21/2009 8:10,-11.3
12/21/2009 8:15,-11.15
12/21/2009 8:20,-11.1
12/21/2009 8:25,-10.9
12/21/2009 8:30,-10.75
12/21/2009 8:35,-10.6
12/21/2009 8:40,-10.3
12/21/2009 8:45,-10.05
12/21/2009 8:50,-9.8
12/21/2009 8:55,-9.65
12/21/2009 9:00,-9.5
12/21/2009 9:05,-9.3
12/21/2009 9:10,-9.15
12/21/2009 9:15,-9.1
12/21/2009 9:20,-8.9
12/21/2009 9:25,-8.75
12/21/2009 9:30,-8.6
12/21/2009 9:35,-8.3
12/21/2009 9:40,-7.9
12/21/2009 9:45,-7.4
12/21/2009 9:50,-6.95
12/21/2009 9:55,-6.45
12/21/2009 10:00,-6.2
12/21/2009 10:05,-6.05
12/21/2009 10:10,-5.8
12/21/2009 10:15,-5.65
12/21/2009 10:20,-5.4
12/21/2009 10:25,-5
12/21/2009 10:30,-4.8
12/21/2009 10:35,-4.4
12/21/2009 10:40,-4.15
12/21/2009 10:45,-3.9
12/21/2009 10:50,-3.75
12/21/2009 10:55,-3.5
12/21/2009 11:00,-3.45
12/21/2009 11:05,-3.25
12/21/2009 11:10,-3.1
12/21/2009 11:15,-3.05
12/21/2009 11:20,-2.85
12/21/2009 11:25,-2.7
12/21/2009 11:30,-2.55
12/21/2009 11:35,-2.45
12/21/2009 11:40,-2.4
12/21/2009 11:45,-2.3
12/21/2009 11:50,-2.3
12/21/2009 11:55,-2.25
12/21/2009 12:00,-2.15
12/21/2009 12:05,-2.05
12/21/2009 12:10,-2.05
12/21/2009 12:15,-2.05
12/21/2009 12:20,-2.05
12/21/2009 12:25,-2.05
12/21/2009 12:30,-2
12/21/2009 12:35,-1.9
12/21/2009 12:40,-1.85
12/21/2009 12:45,-1.75
12/21/2009 12:50,-1.75
12/21/2009 12:55,-1.65
12/21/2009 13:00,-1.65
12/21/2009 13:05,-1.6
12/21/2009 13:10,-1.5
12/21/2009 13:15,-1.45
12/21/2009 13:20,-1.45
12/21/2009 13:25,-1.35
12/21/2009 13:30,-1.25
12/21/2009 13:35,-1.2
12/21/2009 13:40,-1.1
12/21/2009 13:45,-1.05
12/21/2009 13:50,-1.05
12/21/2009 13:55,-0.95
12/21/2009 14:00,-0.8
12/21/2009 14:05,-0.9
12/21/2009 14:10,-0.8
12/21/2009 14:15,-0.9
12/21/2009 14:20,-0.9
12/21/2009 14:25,-0.95
12/21/2009 14:30,-0.95
12/21/2009 14:35,-1.05
12/21/2009 14:40,-1.05
12/21/2009 14:45,-1.05
12/21/2009 14:50,-1.05
12/21/2009 14:55,-1.1
12/21/2009 15:00,-1.1
12/21/2009 15:05,-1.2
12/21/2009 15:10,-1.25
12/21/2009 15:15,-1.35
12/21/2009 15:20,-1.45
12/21/2009 15:25,-1.6
12/21/2009 15:30,-1.65
12/21/2009 15:35,-1.75
12/21/2009 15:40,-1.9
12/21/2009 15:45,-2.05
12/21/2009 15:50,-2.05
12/21/2009 15:55,-2.15
12/21/2009 16:00,-2.15
12/21/2009 16:05,-2.15
12/21/2009 16:10,-2.05
12/21/2009 16:15,-2.05
12/21/2009 16:20,-2.05
12/21/2009 16:25,-2.05
12/21/2009 16:30,-2.15
12/21/2009 16:35,-2.15
12/21/2009 16:40,-2.15
12/21/2009 16:45,-2.25
12/21/2009 16:50,-2.25
12/21/2009 16:55,-2.3
12/21/2009 17:00,-2.3
12/21/2009 17:05,-2.4
12/21/2009 17:10,-2.4
12/21/2009 17:15,-2.55
12/21/2009 17:20,-2.65
12/21/2009 17:25,-2.85
12/21/2009 17:30,-3.05
12/21/2009 17:35,-3.2
12/21/2009 17:40,-3.25
12/21/2009 17:45,-3.45
12/21/2009 17:50,-3.5
12/21/2009 17:55,-3.5
12/21/2009 18:00,-3.65
12/21/2009 18:05,-3.75
12/21/2009 18:10,-3.9
12/21/2009 18:15,-4.05
12/21/2009 18:20,-4.2
12/21/2009 18:25,-4.4
12/21/2009 18:30,-4.55
12/21/2009 18:35,-4.8
12/21/2009 18:40,-4.85
12/21/2009 18:45,-4.95
12/21/2009 18:50,-5
12/21/2009 18:55,-5.1
12/21/2009 19:00,-5.1
12/21/2009 19:05,-5.2
12/21/2009 19:10,-5.2
12/21/2009 19:15,-5.25
12/21/2009 19:20,-5.25
12/21/2009 19:25,-5.25
12/21/2009 19:30,-5.4
12/21/2009 19:35,-5.4
12/21/2009 19:40,-5.5
12/21/2009 19:45,-5.5
12/21/2009 19:50,-5.6
12/21/2009 19:55,-5.6
12/21/2009 20:00,-5.65
12/21/2009 20:05,-5.75
12/21/2009 20:10,-5.9
12/21/2009 20:15,-6
12/21/2009 20:20,-6.05
12/21/2009 20:25,-6.05
12/21/2009 20:30,-6.15
12/21/2009 20:35,-6.3
12/21/2009 20:40,-6.35
12/21/2009 20:45,-6.45
12/21/2009 20:50,-6.55
12/21/2009 20:55,-6.7
12/21/2009 21:00,-6.85
12/21/2009 21:05,-6.95
12/21/2009 21:10,-7
12/21/2009 21:15,-6.95
12/21/2009 21:20,-6.95
12/21/2009 21:25,-6.85
12/21/2009 21:30,-6.85
12/21/2009 21:35,-6.85
12/21/2009 21:40,-6.85
12/21/2009 21:45,-6.75
12/21/2009 21:50,-6.75
12/21/2009 21:55,-6.7
12/21/2009 22:00,-6.7
12/21/2009 22:05,-6.7
12/21/2009 22:10,-6.7
12/21/2009 22:15,-6.7
12/21/2009 22:20,-6.75
12/21/2009 22:25,-6.75
12/21/2009 22:30,-6.75
12/21/2009 22:35,-6.85
12/21/2009 22:40,-6.95
12/21/2009 22:45,-6.95
12/21/2009 22:50,-7
12/21/2009 22:55,-7
12/21/2009 23:00,-7
12/21/2009 23:05,-7
12/21/2009 23:10,-7.1
12/21/2009 23:15,-7.1
12/21/2009 23:20,-7.1
12/21/2009 23:25,-7.1
12/21/2009 23:30,-7.1
12/21/2009 23:35,-7.1
12/21/2009 23:40,-7
12/21/2009 23:45,-7
12/21/2009 23:50,-7
12/21/2009 23:55,-6.95
12/22/2009 0:00,-6.95
12/22/2009 0:05,-6.75
12/22/2009 0:10,-6.75
12/22/2009 0:15,-6.7
12/22/2009 0:20,-6.7
12/22/2009 0:25,-6.7
12/22/2009 0:30,-6.6
12/22/2009 0:35,-6.6
12/22/2009 0:40,-6.55
12/22/2009 0:45,-6.55
12/22/2009 0:50,-6.45
12/22/2009 0:55,-6.45
12/22/2009 1:00,-6.45
12/22/2009 1:05,-6.35
12/22/2009 1:10,-6.35
12/22/2009 1:15,-6.35
12/22/2009 1:20,-6.35
12/22/2009 1:25,-6.35
12/22/2009 1:30,-6.3
12/22/2009 1:35,-6.3
12/22/2009 1:40,-6.2
12/22/2009 1:45,-6.2
12/22/2009 1:50,-6.2
12/22/2009 1:55,-6.05
12/22/2009 2:00,-6.05
12/22/2009 2:05,-6
12/22/2009 2:10,-6
12/22/2009 2:15,-5.9
12/22/2009 2:20,-5.9
12/22/2009 2:25,-5.9
12/22/2009 2:30,-5.8
12/22/2009 2:35,-5.8
12/22/2009 2:40,-5.8
12/22/2009 2:45,-5.8
12/22/2009 2:50,-5.75
12/22/2009 2:55,-5.65
12/22/2009 3:00,-5.65
12/22/2009 3:05,-5.6
12/22/2009 3:10,-5.6
12/22/2009 3:15,-5.5
12/22/2009 3:20,-5.5
12/22/2009 3:25,-5.4
12/22/2009 3:30,-5.4
12/22/2009 3:35,-5.35
12/22/2009 3:40,-5.35
12/22/2009 3:45,-5.25
12/22/2009 3:50,-5.25
12/22/2009 3:55,-5.25
12/22/2009 4:00,-5.25
12/22/2009 4:05,-5.25
12/22/2009 4:10,-5.2
12/22/2009 4:15,-5.2
12/22/2009 4:20,-5.1
12/22/2009 4:25,-4.95
12/22/2009 4:30,-4.85
12/22/2009 4:35,-4.8
12/22/2009 4:40,-4.6
12/22/2009 4:45,-4.55
12/22/2009 4:50,-4.55
12/22/2009 4:55,-4.45
12/22/2009 5:00,-4.4
12/22/2009 5:05,-4.3
12/22/2009 5:10,-4.2
12/22/2009 5:15,-4.2
12/22/2009 5:20,-4.15
12/22/2009 5:25,-4.05
12/22/2009 5:30,-4
12/22/2009 5:35,-3.9
12/22/2009 5:40,-3.8
12/22/2009 5:45,-3.75
12/22/2009 5:50,-3.65
12/22/2009 5:55,-3.65
12/22/2009 6:00,-3.6
12/22/2009 6:05,-3.5
12/22/2009 6:10,-3.5
12/22/2009 6:15,-3.5
12/22/2009 6:20,-3.45
12/22/2009 6:25,-3.35
12/22/2009 6:30,-3.35
12/22/2009 6:35,-3.25
12/22/2009 6:40,-3.25
12/22/2009 6:45,-3.2
12/22/2009 6:50,-3.2
12/22/2009 6:55,-3.2
12/22/2009 7:00,-3.1
12/22/2009 7:05,-3.05
12/22/2009 7:10,-3.05
12/22/2009 7:15,-2.95
12/22/2009 7:20,-2.95
12/22/2009 7:25,-2.95
12/22/2009 7:30,-2.95
12/22/2009 7:35,-2.95
12/22/2009 7:40,-2.95
12/22/2009 7:45,-2.95
12/22/2009 7:50,-2.95
12/22/2009 7:55,-2.95
12/22/2009 8:00,-2.95
12/22/2009 8:05,-2.95
12/22/2009 8:10,-2.95
12/22/2009 8:15,-2.95
12/22/2009 8:20,-2.95
12/22/2009 8:25,-3.05
12/22/2009 8:30,-3.1
12/22/2009 8:35,-3.2
12/22/2009 8:40,-3.2
12/22/2009 8:45,-3.25
12/22/2009 8:50,-3.25
12/22/2009 8:55,-3.25
12/22/2009 9:00,-3.25
12/22/2009 9:05,-3.2
12/22/2009 9:10,-3.2
12/22/2009 9:15,-3.05
12/22/2009 9:20,-2.85
12/22/2009 9:25,-2.65
12/22/2009 9:30,-2.45
12/22/2009 9:35,-2.3
12/22/2009 9:40,-2.15
12/22/2009 9:45,-2
12/22/2009 9:50,-1.9
12/22/2009 9:55,-1.75
12/22/2009 10:00,-1.65
12/22/2009 10:05,-1.5
12/22/2009 10:10,-1.35
12/22/2009 10:15,-1.25
12/22/2009 10:20,-1.05
12/22/2009 10:25,-1.05
12/22/2009 10:30,-0.9
12/22/2009 10:35,-0.7
12/22/2009 10:40,-0.55
12/22/2009 10:45,-0.4
12/22/2009 10:50,-0.4
12/22/2009 10:55,-0.3
12/22/2009 11:00,-0.3
12/22/2009 11:05,-0.25
12/22/2009 11:10,-0.25
12/22/2009 11:15,-0.25
12/22/2009 11:20,-0.25
12/22/2009 11:25,-0.25
12/22/2009 11:30,-0.3
12/22/2009 11:35,-0.3
12/22/2009 11:40,-0.3
12/22/2009 11:45,-0.25
12/22/2009 11:50,-0.3
12/22/2009 11:55,-0.3
12/22/2009 12:00,-0.3
12/22/2009 12:05,-0.3
12/22/2009 12:10,-0.3
12/22/2009 12:15,-0.3
12/22/2009 12:20,-0.3
12/22/2009 12:25,-0.4
12/22/2009 12:30,-0.3
12/22/2009 12:35,-0.4
12/22/2009 12:40,-0.3
12/22/2009 12:45,-0.4
12/22/2009 12:50,-0.4
12/22/2009 12:55,-0.4
12/22/2009 13:00,-0.4
12/22/2009 13:05,-0.4
12/22/2009 13:10,-0.4
12/22/2009 13:15,-0.4
12/22/2009 13:20,-0.4
12/22/2009 13:25,-0.4
12/22/2009 13:30,-0.4
12/22/2009 13:35,-0.4
12/22/2009 13:40,-0.4
12/22/2009 13:45,-0.4
12/22/2009 13:50,-0.4
12/22/2009 13:55,-0.4
12/22/2009 14:00,-0.4
12/22/2009 14:05,-0.4
12/22/2009 14:10,-0.4
12/22/2009 14:15,-0.4
12/22/2009 14:20,-0.4
12/22/2009 14:25,-0.4
12/22/2009 14:30,-0.4
12/22/2009 14:35,-0.4
12/22/2009 14:40,-0.4
12/22/2009 14:45,-0.3
12/22/2009 14:50,-0.3
12/22/2009 14:55,-0.4
12/22/2009 15:00,-0.4
12/22/2009 15:05,-0.4
12/22/2009 15:10,-0.4
12/22/2009 15:15,-0.4
12/22/2009 15:20,-0.3
12/22/2009 15:25,-0.3
12/22/2009 15:30,-0.3
12/22/2009 15:35,-0.5
12/22/2009 15:40,-0.5
12/22/2009 15:45,-0.5
12/22/2009 15:50,-0.5
12/22/2009 15:55,-0.5
12/22/2009 16:00,-0.5
12/22/2009 16:05,-0.5
12/22/2009 16:10,-0.5
12/22/2009 16:15,-0.5
12/22/2009 16:20,-0.5
12/22/2009 16:25,-0.55
12/22/2009 16:30,-0.55
12/22/2009 16:35,-0.55
12/22/2009 16:40,-0.55
12/22/2009 16:45,-0.55
12/22/2009 16:50,-0.55
12/22/2009 16:55,-0.55
12/22/2009 17:00,-0.55
12/22/2009 17:05,-0.55
12/22/2009 17:10,-0.55
12/22/2009 17:15,-0.55
12/22/2009 17:20,-0.55
12/22/2009 17:25,-0.55
12/22/2009 17:30,-0.55
12/22/2009 17:35,-0.55
12/22/2009 17:40,-0.55
12/22/2009 17:45,-0.55
12/22/2009 17:50,-0.55
12/22/2009 17:55,-0.55
12/22/2009 18:00,-0.55
12/22/2009 18:05,-0.55
12/22/2009 18:10,-0.65
12/22/2009 18:15,-0.55
12/22/2009 18:20,-0.55
12/22/2009 18:25,-0.65
12/22/2009 18:30,-0.65
12/22/2009 18:35,-0.55
12/22/2009 18:40,-0.55
12/22/2009 18:45,-0.65
12/22/2009 18:50,-0.55
12/22/2009 18:55,-0.65
12/22/2009 19:00,-0.65
12/22/2009 19:05,-0.65
12/22/2009 19:10,-0.65
12/22/2009 19:15,-0.65
12/22/2009 19:20,-0.65
12/22/2009 19:25,-0.55
12/22/2009 19:30,-0.65
12/22/2009 19:35,-0.55
12/22/2009 19:40,-0.65
12/22/2009 19:45,-0.65
12/22/2009 19:50,-0.65
12/22/2009 19:55,-0.65
12/22/2009 20:00,-0.65
12/22/2009 20:05,-0.65
12/22/2009 20:10,-0.65
12/22/2009 20:15,-0.65
12/22/2009 20:20,-0.65
12/22/2009 20:25,-0.55
12/22/2009 20:30,-0.55
12/22/2009 20:35,-0.55
12/22/2009 20:40,-0.55
12/22/2009 20:45,-0.65
12/22/2009 20:50,-0.65
12/22/2009 20:55,-0.65
12/22/2009 21:00,-0.65
12/22/2009 21:05,-0.65
12/22/2009 21:10,-0.65
12/22/2009 21:15,-0.65
12/22/2009 21:20,-0.65
12/22/2009 21:25,-0.65
12/22/2009 21:30,-0.65
12/22/2009 21:35,-0.65
12/22/2009 21:40,-0.65
12/22/2009 21:45,-0.65
12/22/2009 21:50,-0.65
12/22/2009 21:55,-0.65
12/22/2009 22:00,-0.55
12/22/2009 22:05,-0.55
12/22/2009 22:10,-0.65
12/22/2009 22:15,-0.65
12/22/2009 22:20,-0.65
12/22/2009 22:25,-0.65
12/22/2009 22:30,-0.65
12/22/2009 22:35,-0.65
12/22/2009 22:40,-0.65
12/22/2009 22:45,-0.65
12/22/2009 22:50,-0.65
12/22/2009 22:55,-0.65
12/22/2009 23:00,-0.65
12/22/2009 23:05,-0.65
12/22/2009 23:10,-0.65
12/22/2009 23:15,-0.65
12/22/2009 23:20,-0.65
12/22/2009 23:25,-0.65
12/22/2009 23:30,-0.65
12/22/2009 23:35,-0.55
12/22/2009 23:40,-0.55
12/22/2009 23:45,-0.55
12/22/2009 23:50,-0.55
12/22/2009 23:55,-0.55
12/23/2009 0:00,-0.55
12/23/2009 0:05,-0.55
12/23/2009 0:10,-0.65
12/23/2009 0:15,-0.65
12/23/2009 0:20,-0.65
12/23/2009 0:25,-0.65
12/23/2009 0:30,-0.65
12/23/2009 0:35,-0.55
12/23/2009 0:40,-0.55
12/23/2009 0:45,-0.55
12/23/2009 0:50,-0.65
12/23/2009 0:55,-0.55
12/23/2009 1:00,-0.55
12/23/2009 1:05,-0.55
12/23/2009 1:10,-0.55
12/23/2009 1:15,-0.55
12/23/2009 1:20,-0.55
12/23/2009 1:25,-0.55
12/23/2009 1:30,-0.55
12/23/2009 1:35,-0.55
12/23/2009 1:40,-0.55
12/23/2009 1:45,-0.55
12/23/2009 1:50,-0.55
12/23/2009 1:55,-0.55
12/23/2009 2:00,-0.55
12/23/2009 2:05,-0.55
12/23/2009 2:10,-0.55
12/23/2009 2:15,-0.55
12/23/2009 2:20,-0.65
12/23/2009 2:25,-0.55
12/23/2009 2:30,-0.55
12/23/2009 2:35,-0.55
12/23/2009 2:40,-0.55
12/23/2009 2:45,-0.55
12/23/2009 2:50,-0.55
12/23/2009 2:55,-0.55
12/23/2009 3:00,-0.5
12/23/2009 3:05,-0.55
12/23/2009 3:10,-0.5
12/23/2009 3:15,-0.5
12/23/2009 3:20,-0.5
12/23/2009 3:25,-0.55
12/23/2009 3:30,-0.55
12/23/2009 3:35,-0.5
12/23/2009 3:40,-0.55
12/23/2009 3:45,-0.5
12/23/2009 3:50,-0.5
12/23/2009 3:55,-0.5
12/23/2009 4:00,-0.5
12/23/2009 4:05,-0.5
12/23/2009 4:10,-0.55
12/23/2009 4:15,-0.55
12/23/2009 4:20,-0.5
12/23/2009 4:25,-0.5
12/23/2009 4:30,-0.4
12/23/2009 4:35,-0.5
12/23/2009 4:40,-0.4
12/23/2009 4:45,-0.4
12/23/2009 4:50,-0.4
12/23/2009 4:55,-0.5
12/23/2009 5:00,-0.5
12/23/2009 5:05,-0.5
12/23/2009 5:10,-0.5
12/23/2009 5:15,-0.5
12/23/2009 5:20,-0.5
12/23/2009 5:25,-0.5
12/23/2009 5:30,-0.5
12/23/2009 5:35,-0.5
12/23/2009 5:40,-0.5
12/23/2009 5:45,-0.5
12/23/2009 5:50,-0.5
12/23/2009 5:55,-0.4
12/23/2009 6:00,-0.5
12/23/2009 6:05,-0.5
12/23/2009 6:10,-0.5
12/23/2009 6:15,-0.5
12/23/2009 6:20,-0.5
12/23/2009 6:25,-0.4
12/23/2009 6:30,-0.4
12/23/2009 6:35,-0.4
12/23/2009 6:40,-0.5
12/23/2009 6:45,-0.5
12/23/2009 6:50,-0.5
12/23/2009 6:55,-0.5
12/23/2009 7:00,-0.5
12/23/2009 7:05,-0.5
12/23/2009 7:10,-0.4
12/23/2009 7:15,-0.5
12/23/2009 7:20,-0.4
12/23/2009 7:25,-0.3
12/23/2009 7:30,-0.3
12/23/2009 7:35,-0.4
12/23/2009 7:40,-0.4
12/23/2009 7:45,-0.3
12/23/2009 7:50,-0.25
12/23/2009 7:55,-0.25
12/23/2009 8:00,-0.25
12/23/2009 8:05,-0.15
12/23/2009 8:10,-0.15
12/23/2009 8:15,-0.15
12/23/2009 8:20,-0.15
12/23/2009 8:25,-0.15
12/23/2009 8:30,-0.1
12/23/2009 8:35,-0.1
12/23/2009 8:40,-0.1
12/23/2009 8:45,0
12/23/2009 8:50,0.1
12/23/2009 8:55,0.15
12/23/2009 9:00,0.15
12/23/2009 9:05,0.15
12/23/2009 9:10,0.15
12/23/2009 9:15,0.25
12/23/2009 9:20,0.3
12/23/2009 9:25,0.3
12/23/2009 9:30,0.3
12/23/2009 9:35,0.4
12/23/2009 9:40,0.4
12/23/2009 9:45,0.5
12/23/2009 9:50,0.5
12/23/2009 9:55,0.5
12/23/2009 10:00,0.5
12/23/2009 10:05,0.5
12/23/2009 10:10,0.5
12/23/2009 10:15,0.55
12/23/2009 10:20,0.55
12/23/2009 10:25,0.55
12/23/2009 10:30,0.55
12/23/2009 10:35,0.65
12/23/2009 10:40,0.65
12/23/2009 10:45,0.7
12/23/2009 10:50,0.7
12/23/2009 10:55,0.8
12/23/2009 11:00,0.9
12/23/2009 11:05,1.05
12/23/2009 11:10,1.15
12/23/2009 11:15,1.2
12/23/2009 11:20,1.3
12/23/2009 11:25,1.3
12/23/2009 11:30,1.35
12/23/2009 11:35,1.35
12/23/2009 11:40,1.45
12/23/2009 11:45,1.55
12/23/2009 11:50,1.6
12/23/2009 11:55,1.7
12/23/2009 12:00,1.75
12/23/2009 12:05,1.95
12/23/2009 12:10,2
12/23/2009 12:15,2.15
12/23/2009 12:20,2.35
12/23/2009 12:25,2.6
12/23/2009 12:30,2.8
12/23/2009 12:35,3.05
12/23/2009 12:40,3.2
12/23/2009 12:45,3.4
12/23/2009 12:50,3.45
12/23/2009 12:55,3.55
12/23/2009 13:00,3.7
12/23/2009 13:05,3.7
12/23/2009 13:10,3.8
12/23/2009 13:15,3.85
12/23/2009 13:20,3.95
12/23/2009 13:25,3.95
12/23/2009 13:30,3.95
12/23/2009 13:35,4
12/23/2009 13:40,4
12/23/2009 13:45,4
12/23/2009 13:50,4.1
12/23/2009 13:55,4
12/23/2009 14:00,4.1
12/23/2009 14:05,4
12/23/2009 14:10,4
12/23/2009 14:15,4.1
12/23/2009 14:20,4.1
12/23/2009 14:25,4.2
12/23/2009 14:30,4.2
12/23/2009 14:35,4.2
12/23/2009 14:40,4.35
12/23/2009 14:45,4.45
12/23/2009 14:50,4.6
12/23/2009 14:55,4.75
12/23/2009 15:00,4.9
12/23/2009 15:05,5
12/23/2009 15:10,5.15
12/23/2009 15:15,5.25
12/23/2009 15:20,5.3
12/23/2009 15:25,5.4
12/23/2009 15:30,5.4
12/23/2009 15:35,5.55
12/23/2009 15:40,5.55
12/23/2009 15:45,5.55
12/23/2009 15:50,5.65
12/23/2009 15:55,5.7
12/23/2009 16:00,5.8
12/23/2009 16:05,5.85
12/23/2009 16:10,5.8
12/23/2009 16:15,5.7
12/23/2009 16:20,5.65
12/23/2009 16:25,5.55
12/23/2009 16:30,5.45
12/23/2009 16:35,5.4
12/23/2009 16:40,5.3
12/23/2009 16:45,5.25
12/23/2009 16:50,5.15
12/23/2009 16:55,5.05
12/23/2009 17:00,4.9
12/23/2009 17:05,4.85
12/23/2009 17:10,4.65
12/23/2009 17:15,4.6
12/23/2009 17:20,4.45
12/23/2009 17:25,4.35
12/23/2009 17:30,4.25
12/23/2009 17:35,4.2
12/23/2009 17:40,4.1
12/23/2009 17:45,4
12/23/2009 17:50,4
12/23/2009 17:55,3.95
12/23/2009 18:00,3.85
12/23/2009 18:05,3.8
12/23/2009 18:10,3.8
12/23/2009 18:15,3.7
12/23/2009 18:20,3.6
12/23/2009 18:25,3.45
12/23/2009 18:30,3.4
12/23/2009 18:35,3.3
12/23/2009 18:40,3.3
12/23/2009 18:45,3.2
12/23/2009 18:50,3.15
12/23/2009 18:55,3.05
12/23/2009 19:00,3.05
12/23/2009 19:05,3
12/23/2009 19:10,3
12/23/2009 19:15,2.9
12/23/2009 19:20,2.8
12/23/2009 19:25,2.8
12/23/2009 19:30,2.75
12/23/2009 19:35,2.75
12/23/2009 19:40,2.65
12/23/2009 19:45,2.65
12/23/2009 19:50,2.65
12/23/2009 19:55,2.6
12/23/2009 20:00,2.5
12/23/2009 20:05,2.5
12/23/2009 20:10,2.5
12/23/2009 20:15,2.4
12/23/2009 20:20,2.4
12/23/2009 20:25,2.4
12/23/2009 20:30,2.35
12/23/2009 20:35,2.35
12/23/2009 20:40,2.35
12/23/2009 20:45,2.25
12/23/2009 20:50,2.25
12/23/2009 20:55,2.25
12/23/2009 21:00,2.15
12/23/2009 21:05,2.15
12/23/2009 21:10,2.1
12/23/2009 21:15,2.1
12/23/2009 21:20,2.1
12/23/2009 21:25,2.1
12/23/2009 21:30,2
12/23/2009 21:35,2
12/23/2009 21:40,2
12/23/2009 21:45,2
12/23/2009 21:50,2
12/23/2009 21:55,1.95
12/23/2009 22:00,1.95
12/23/2009 22:05,1.95
12/23/2009 22:10,1.95
12/23/2009 22:15,1.85
12/23/2009 22:20,1.85
12/23/2009 22:25,1.85
12/23/2009 22:30,1.75
12/23/2009 22:35,1.75
12/23/2009 22:40,1.85
12/23/2009 22:45,1.85
12/23/2009 22:50,1.85
12/23/2009 22:55,1.85
12/23/2009 23:00,1.85
12/23/2009 23:05,1.75
12/23/2009 23:10,1.85
12/23/2009 23:15,1.85
12/23/2009 23:20,1.85
12/23/2009 23:25,1.75
12/23/2009 23:30,1.85
12/23/2009 23:35,1.75
12/23/2009 23:40,1.75
12/23/2009 23:45,1.7
12/23/2009 23:50,1.75
12/23/2009 23:55,1.7
12/24/2009 0:00,1.7
12/24/2009 0:05,1.7
12/24/2009 0:10,1.7
12/24/2009 0:15,1.6
12/24/2009 0:20,1.6
12/24/2009 0:25,1.6
12/24/2009 0:30,1.6
12/24/2009 0:35,1.6
12/24/2009 0:40,1.6
12/24/2009 0:45,1.6
12/24/2009 0:50,1.6
12/24/2009 0:55,1.6
12/24/2009 1:00,1.6
12/24/2009 1:05,1.6
12/24/2009 1:10,1.6
12/24/2009 1:15,1.6
12/24/2009 1:20,1.6
12/24/2009 1:25,1.6
12/24/2009 1:30,1.6
12/24/2009 1:35,1.7
12/24/2009 1:40,1.6
12/24/2009 1:45,1.7
12/24/2009 1:50,1.7
12/24/2009 1:55,1.7
12/24/2009 2:00,1.7
12/24/2009 2:05,1.7
12/24/2009 2:10,1.7
12/24/2009 2:15,1.7
12/24/2009 2:20,1.7
12/24/2009 2:25,1.7
12/24/2009 2:30,1.7
12/24/2009 2:35,1.7
12/24/2009 2:40,1.7
12/24/2009 2:45,1.7
12/24/2009 2:50,1.7
12/24/2009 2:55,1.7
12/24/2009 3:00,1.7
12/24/2009 3:05,1.7
12/24/2009 3:10,1.6
12/24/2009 3:15,1.6
12/24/2009 3:20,1.6
12/24/2009 3:25,1.6
12/24/2009 3:30,1.55
12/24/2009 3:35,1.55
12/24/2009 3:40,1.55
12/24/2009 3:45,1.55
12/24/2009 3:50,1.55
12/24/2009 3:55,1.55
12/24/2009 4:00,1.55
12/24/2009 4:05,1.55
12/24/2009 4:10,1.55
12/24/2009 4:15,1.55
12/24/2009 4:20,1.55
12/24/2009 4:25,1.45
12/24/2009 4:30,1.45
12/24/2009 4:35,1.55
12/24/2009 4:40,1.55
12/24/2009 4:45,1.45
12/24/2009 4:50,1.45
12/24/2009 4:55,1.45
12/24/2009 5:00,1.35
12/24/2009 5:05,1.35
12/24/2009 5:10,1.35
12/24/2009 5:15,1.35
12/24/2009 5:20,1.35
12/24/2009 5:25,1.3
12/24/2009 5:30,1.3
12/24/2009 5:35,1.3
12/24/2009 5:40,1.3
12/24/2009 5:45,1.2
12/24/2009 5:50,1.2
12/24/2009 5:55,1.2
12/24/2009 6:00,1.2
12/24/2009 6:05,1.15
12/24/2009 6:10,1.15
12/24/2009 6:15,1.15
12/24/2009 6:20,1.15
12/24/2009 6:25,1.05
12/24/2009 6:30,1.15
12/24/2009 6:35,1.05
12/24/2009 6:40,1.05
12/24/2009 6:45,1.05
12/24/2009 6:50,0.95
12/24/2009 6:55,0.95
12/24/2009 7:00,0.95
12/24/2009 7:05,0.95
12/24/2009 7:10,0.95
12/24/2009 7:15,0.95
12/24/2009 7:20,0.95
12/24/2009 7:25,0.95
12/24/2009 7:30,0.95
12/24/2009 7:35,1.05
12/24/2009 7:40,1.05
12/24/2009 7:45,1.05
12/24/2009 7:50,1.05
12/24/2009 7:55,1.05
12/24/2009 8:00,1.05
12/24/2009 8:05,1.15
12/24/2009 8:10,1.15
12/24/2009 8:15,1.15
12/24/2009 8:20,1.15
12/24/2009 8:25,1.15
12/24/2009 8:30,1.15
12/24/2009 8:35,1.2
12/24/2009 8:40,1.2
12/24/2009 8:45,1.2
12/24/2009 8:50,1.2
12/24/2009 8:55,1.2
12/24/2009 9:00,1.3
12/24/2009 9:05,1.3
12/24/2009 9:10,1.3
12/24/2009 9:15,1.35
12/24/2009 9:20,1.35
12/24/2009 9:25,1.35
12/24/2009 9:30,1.35
12/24/2009 9:35,1.45
12/24/2009 9:40,1.45
12/24/2009 9:45,1.45
12/24/2009 9:50,1.55
12/24/2009 9:55,1.55
12/24/2009 10:00,1.6
12/24/2009 10:05,1.6
12/24/2009 10:10,1.6
12/24/2009 10:15,1.7
12/24/2009 10:20,1.7
12/24/2009 10:25,1.7
12/24/2009 10:30,1.75
12/24/2009 10:35,1.75
12/24/2009 10:40,1.85
12/24/2009 10:45,1.85
12/24/2009 10:50,1.95
12/24/2009 10:55,1.95
12/24/2009 11:00,1.95
12/24/2009 11:05,2
12/24/2009 11:10,2
12/24/2009 11:15,2
12/24/2009 11:20,2.1
12/24/2009 11:25,2.1
12/24/2009 11:30,2.15
12/24/2009 11:35,2.15
12/24/2009 11:40,2.15
12/24/2009 11:45,2.25
12/24/2009 11:50,2.25
12/24/2009 11:55,2.25
12/24/2009 12:00,2.25
12/24/2009 12:05,2.35
12/24/2009 12:10,2.35
12/24/2009 12:15,2.35
12/24/2009 12:20,2.35
12/24/2009 12:25,2.35
12/24/2009 12:30,2.4
12/24/2009 12:35,2.4
12/24/2009 12:40,2.4
12/24/2009 12:45,2.5
12/24/2009 12:50,2.5
12/24/2009 12:55,2.5
12/24/2009 13:00,2.5
12/24/2009 13:05,2.5
12/24/2009 13:10,2.5
12/24/2009 13:15,2.6
12/24/2009 13:20,2.6
12/24/2009 13:25,2.65
12/24/2009 13:30,2.65
12/24/2009 13:35,2.75
12/24/2009 13:40,2.75
12/24/2009 13:45,2.75
12/24/2009 13:50,2.75
12/24/2009 13:55,2.75
12/24/2009 14:00,2.8
12/24/2009 14:05,2.8
12/24/2009 14:10,2.8
12/24/2009 14:15,2.8
12/24/2009 14:20,2.8
12/24/2009 14:25,2.8
12/24/2009 14:30,2.8
12/24/2009 14:35,2.9
12/24/2009 14:40,2.9
12/24/2009 14:45,2.9
12/24/2009 14:50,3
12/24/2009 14:55,3
12/24/2009 15:00,3
12/24/2009 15:05,3
12/24/2009 15:10,3.05
12/24/2009 15:15,3.05
12/24/2009 15:20,3.05
12/24/2009 15:25,3.15
12/24/2009 15:30,3.15
12/24/2009 15:35,3.15
12/24/2009 15:40,3.15
12/24/2009 15:45,3.2
12/24/2009 15:50,3.2
12/24/2009 15:55,3.2
12/24/2009 16:00,3.3
12/24/2009 16:05,3.3
12/24/2009 16:10,3.3
12/24/2009 16:15,3.3
12/24/2009 16:20,3.3
12/24/2009 16:25,3.3
12/24/2009 16:30,3.3
12/24/2009 16:35,3.4
12/24/2009 16:40,3.4
12/24/2009 16:45,3.4
12/24/2009 16:50,3.45
12/24/2009 16:55,3.45
12/24/2009 17:00,3.45
12/24/2009 17:05,3.45
12/24/2009 17:10,3.45
12/24/2009 17:15,3.45
12/24/2009 17:20,3.45
12/24/2009 17:25,3.55
12/24/2009 17:30,3.55
12/24/2009 17:35,3.6
12/24/2009 17:40,3.6
12/24/2009 17:45,3.6
12/24/2009 17:50,3.6
12/24/2009 17:55,3.7
12/24/2009 18:00,3.7
12/24/2009 18:05,3.7
12/24/2009 18:10,3.7
12/24/2009 18:15,3.8
12/24/2009 18:20,3.8
12/24/2009 18:25,3.8
12/24/2009 18:30,3.8
12/24/2009 18:35,3.8
12/24/2009 18:40,3.8
12/24/2009 18:45,3.8
12/24/2009 18:50,3.8
12/24/2009 18:55,3.8
12/24/2009 19:00,3.8
12/24/2009 19:05,3.85
12/24/2009 19:10,3.85
12/24/2009 19:15,3.85
12/24/2009 19:20,3.95
12/24/2009 19:25,3.95
12/24/2009 19:30,3.95
12/24/2009 19:35,3.95
12/24/2009 19:40,4
12/24/2009 19:45,4
12/24/2009 19:50,4
12/24/2009 19:55,4
12/24/2009 20:00,4
12/24/2009 20:05,4
12/24/2009 20:10,4
12/24/2009 20:15,4
12/24/2009 20:20,3.95
12/24/2009 20:25,3.95
12/24/2009 20:30,3.95
12/24/2009 20:35,3.85
12/24/2009 20:40,3.8
12/24/2009 20:45,3.8
12/24/2009 20:50,3.8
12/24/2009 20:55,3.8
12/24/2009 21:00,3.7
12/24/2009 21:05,3.7
12/24/2009 21:10,3.7
12/24/2009 21:15,3.7
12/24/2009 21:20,3.6
12/24/2009 21:25,3.6
12/24/2009 21:30,3.6
12/24/2009 21:35,3.6
12/24/2009 21:40,3.6
12/24/2009 21:45,3.7
12/24/2009 21:50,3.7
12/24/2009 21:55,3.6
12/24/2009 22:00,3.7
12/24/2009 22:05,3.7
12/24/2009 22:10,3.6
12/24/2009 22:15,3.7
12/24/2009 22:20,3.7
12/24/2009 22:25,3.7
12/24/2009 22:30,3.7
12/24/2009 22:35,3.7
12/24/2009 22:40,3.7
12/24/2009 22:45,3.7
12/24/2009 22:50,3.8
12/24/2009 22:55,3.8
12/24/2009 23:00,3.8
12/24/2009 23:05,3.8
12/24/2009 23:10,3.8
12/24/2009 23:15,3.85
12/24/2009 23:20,3.95
12/24/2009 23:25,3.95
12/24/2009 23:30,4
12/24/2009 23:35,4
12/24/2009 23:40,4
12/24/2009 23:45,4
12/24/2009 23:50,4
12/24/2009 23:55,4.1
